{
"type": "FeatureCollection",
"name": "ras",
"crs": { "type": "name", "properties": { "name": "urn:ogc:def:crs:OGC:1.3:CRS84" } },
"features": [
{ "type": "Feature", "properties": { "RA": "Água Quente", "RS": "Sudoeste", "Macro": "Macrorregião 1" }, "geometry": { "type": "Polygon", "coordinates": [ [ [ -48.219089542622505, -15.934845545481366 ], [ -48.216147956224049, -15.938017202783207 ], [ -48.213550438054156, -15.942527749693747 ], [ -48.217551002526967, -15.944033097278805 ], [ -48.216787511790578, -15.945834815696657 ], [ -48.214425053086124, -15.949137915303192 ], [ -48.213007958928799, -15.949711065202766 ], [ -48.210804148093409, -15.952541777470911 ], [ -48.212719104750875, -15.954660370791505 ], [ -48.213455285804308, -15.956482979978613 ], [ -48.214835939802143, -15.957500950022787 ], [ -48.217205234685906, -15.958219373114984 ], [ -48.222142901900177, -15.957776160769765 ], [ -48.224265696375042, -15.954198760382717 ], [ -48.22695478072017, -15.952923121101756 ], [ -48.231314728798814, -15.954053792026357 ], [ -48.233056502845919, -15.953205589912024 ], [ -48.236430045047044, -15.953206007951536 ], [ -48.236965855079731, -15.952422716968153 ], [ -48.23865511720858, -15.952390728180365 ], [ -48.241560796148498, -15.953322912150131 ], [ -48.24259054933173, -15.952898972374371 ], [ -48.245111890365536, -15.954706017088199 ], [ -48.248022680719416, -15.954120609821581 ], [ -48.25007386329645, -15.955405023669307 ], [ -48.251350399857913, -15.955398216782239 ], [ -48.252138047190606, -15.948842263592732 ], [ -48.253439505712983, -15.948524285542996 ], [ -48.253566515816061, -15.946880195495581 ], [ -48.25313866082265, -15.946401453746162 ], [ -48.250775160970782, -15.9481220483142 ], [ -48.250163502585394, -15.94767986049577 ], [ -48.25085086559303, -15.94381546222272 ], [ -48.252175708160571, -15.944888183449452 ], [ -48.252916835337963, -15.94399977869316 ], [ -48.252191598459639, -15.941317325892554 ], [ -48.252704456536804, -15.940212065343582 ], [ -48.251321908890361, -15.937751243687959 ], [ -48.252475449919743, -15.935548755410695 ], [ -48.250819439829442, -15.933912227835128 ], [ -48.246721454860698, -15.933327925140162 ], [ -48.245906255299921, -15.931968368790544 ], [ -48.24266217560259, -15.931916690518539 ], [ -48.240646488157374, -15.930693323224022 ], [ -48.240006873302036, -15.929375509577957 ], [ -48.238660828697157, -15.92916793164609 ], [ -48.234398080128884, -15.933400378383203 ], [ -48.234821363595813, -15.934482086115974 ], [ -48.233974563998295, -15.935293941184154 ], [ -48.233174783121058, -15.933975152280464 ], [ -48.232272371519244, -15.934294609760618 ], [ -48.232290653133589, -15.93360711491354 ], [ -48.230511478627953, -15.933470158129801 ], [ -48.229917277203491, -15.93183482552968 ], [ -48.229089189513338, -15.932386842579644 ], [ -48.228492322787424, -15.931351923172812 ], [ -48.22687650511957, -15.932987961981064 ], [ -48.22648585744691, -15.93269370483662 ], [ -48.226267859683659, -15.934005108891112 ], [ -48.224355296138107, -15.934028503204214 ], [ -48.224441065484804, -15.934594124224917 ], [ -48.223678539539037, -15.934546995391301 ], [ -48.222765066981118, -15.935995081623782 ], [ -48.221008556071787, -15.934120920345672 ], [ -48.219089542622505, -15.934845545481366 ] ] ] } },
{ "type": "Feature", "properties": { "RA": "Arapoanga", "RS": "Norte", "Macro": "Macrorregião 3" }, "geometry": { "type": "Polygon", "coordinates": [ [ [ -47.600559336372584, -15.622300046205565 ], [ -47.597071894979941, -15.622657787350439 ], [ -47.624412999204466, -15.641386180889636 ], [ -47.623339524118038, -15.646985257206879 ], [ -47.621695934134863, -15.647979601327858 ], [ -47.621406007368492, -15.650509806003473 ], [ -47.620693409786206, -15.651571468517441 ], [ -47.602131647732904, -15.658524501853778 ], [ -47.601437879737297, -15.658849782043102 ], [ -47.601208177824198, -15.659982699032817 ], [ -47.603092077027348, -15.659659498308356 ], [ -47.603846725646392, -15.66057543722011 ], [ -47.605051205643953, -15.660064838323775 ], [ -47.606324198351615, -15.660725193359863 ], [ -47.608132065047435, -15.660043987357589 ], [ -47.610701308743764, -15.660718226914442 ], [ -47.611881886368252, -15.659508196547243 ], [ -47.616418555521172, -15.658738761597535 ], [ -47.616800904557238, -15.657401473896947 ], [ -47.619341866593487, -15.658109311872042 ], [ -47.620890925062682, -15.65742916972812 ], [ -47.621498143973923, -15.658172449216414 ], [ -47.623905557070145, -15.657483174814907 ], [ -47.624853851921721, -15.65803490729828 ], [ -47.625101378206693, -15.6575881912485 ], [ -47.627014584047664, -15.65847103938248 ], [ -47.628731092079079, -15.657281576222674 ], [ -47.632120520087696, -15.658241060119908 ], [ -47.63422025031764, -15.657984470394563 ], [ -47.636616401235138, -15.66077621430491 ], [ -47.638793310222709, -15.66199679575301 ], [ -47.639821174248901, -15.664343753061114 ], [ -47.640516162156665, -15.663574954760195 ], [ -47.642404642767758, -15.663811079574032 ], [ -47.642290969053391, -15.663295652791724 ], [ -47.643715192240812, -15.663142082345804 ], [ -47.647056119308935, -15.666969967764661 ], [ -47.647368019765466, -15.665991169115717 ], [ -47.64974818246754, -15.669938898389272 ], [ -47.651041124961033, -15.670448842078773 ], [ -47.652469165988407, -15.668719840828858 ], [ -47.652816385506974, -15.669859002367616 ], [ -47.655018273947654, -15.670250147728783 ], [ -47.654885389760935, -15.671747436935485 ], [ -47.656369234133763, -15.672525080259595 ], [ -47.657755085783833, -15.672179737567369 ], [ -47.657729719156833, -15.672912221145216 ], [ -47.658610201984253, -15.673811618018416 ], [ -47.659540805414629, -15.673786152420858 ], [ -47.660527237343281, -15.675601805327897 ], [ -47.661331458592969, -15.675347326152915 ], [ -47.662088159862435, -15.676067746821417 ], [ -47.663821735884255, -15.676272108398537 ], [ -47.664490548681272, -15.675779082058556 ], [ -47.665917035623202, -15.676850395294766 ], [ -47.666751787016139, -15.675884207579259 ], [ -47.669230648516802, -15.675131221684758 ], [ -47.668019463493948, -15.672445235414875 ], [ -47.668561460223991, -15.671684237186991 ], [ -47.670139457021747, -15.672104508660153 ], [ -47.67124989059559, -15.671434611395533 ], [ -47.670672359207856, -15.669967634759397 ], [ -47.671571084123748, -15.669454500870913 ], [ -47.666971144828743, -15.665361777191332 ], [ -47.665926287372322, -15.663314018407064 ], [ -47.66261923397694, -15.661789996267705 ], [ -47.661314088768627, -15.648182214244503 ], [ -47.666594484823364, -15.648384506903296 ], [ -47.671122191484692, -15.649729348056139 ], [ -47.674707634583257, -15.648405079657319 ], [ -47.6718679809184, -15.646384511851359 ], [ -47.672479838729778, -15.64550869527846 ], [ -47.671970550557546, -15.645101708796069 ], [ -47.672296335375115, -15.644210284059884 ], [ -47.671037146180119, -15.64322167327723 ], [ -47.671255744017984, -15.642729526540217 ], [ -47.670037414693681, -15.642201215396064 ], [ -47.670811595381949, -15.640781881898802 ], [ -47.670296069308385, -15.638652050904165 ], [ -47.669578407922849, -15.638510627306117 ], [ -47.66934176293092, -15.637431497086714 ], [ -47.668163055598853, -15.637464608336808 ], [ -47.667725166423715, -15.636094386698442 ], [ -47.667118138853617, -15.636300453498789 ], [ -47.667645886506634, -15.635213882363741 ], [ -47.666917543254044, -15.635097917294317 ], [ -47.666717879207425, -15.634436450078194 ], [ -47.6674176281862, -15.6342141663569 ], [ -47.666948015006795, -15.633483688679645 ], [ -47.664760868818249, -15.63292143629768 ], [ -47.659704469476246, -15.635168198611916 ], [ -47.656087565579803, -15.63521670423844 ], [ -47.649996870274173, -15.632416022045508 ], [ -47.647932701651385, -15.630781812845489 ], [ -47.641533027210514, -15.629158637939204 ], [ -47.641089805635858, -15.628394772580528 ], [ -47.63934559535771, -15.628381898104955 ], [ -47.636879395610983, -15.629942568976855 ], [ -47.63139272390913, -15.63107973015245 ], [ -47.628414166446845, -15.630876361514378 ], [ -47.626823166535338, -15.629876163232963 ], [ -47.626706811349855, -15.626496737233264 ], [ -47.616991427347536, -15.622901967868406 ], [ -47.600559336372584, -15.622300046205565 ] ] ] } },
{ "type": "Feature", "properties": { "RA": "Cruzeiro", "RS": "Central", "Macro": "Macrorregião 2" }, "geometry": { "type": "Polygon", "coordinates": [ [ [ -47.929268309430611, -15.78015148279392 ], [ -47.933459597916347, -15.792536569355022 ], [ -47.93346996537305, -15.798908704526909 ], [ -47.93240802285824, -15.80115566201504 ], [ -47.932994247242981, -15.803627192494115 ], [ -47.937537750778574, -15.806476871966387 ], [ -47.940410985265373, -15.802318760396847 ], [ -47.946184250085579, -15.800151555242619 ], [ -47.938514856397944, -15.777271462612257 ], [ -47.929268309430611, -15.78015148279392 ] ] ] } },
{ "type": "Feature", "properties": { "RA": "Arniqueira", "RS": "Sudoeste", "Macro": "Macrorregião 1" }, "geometry": { "type": "Polygon", "coordinates": [ [ [ -47.992097244868233, -15.876511181732775 ], [ -48.011525891950505, -15.878227108425275 ], [ -48.027764452575589, -15.875907725569666 ], [ -48.030615637913733, -15.870539770799825 ], [ -48.025516812039172, -15.868004777093292 ], [ -48.03020635738546, -15.859330725671921 ], [ -48.02897053786257, -15.858703789941728 ], [ -48.032967773178939, -15.849516192849725 ], [ -48.016658450462295, -15.842822989243849 ], [ -48.010885139828012, -15.841126605905638 ], [ -48.006407219596369, -15.850212328865826 ], [ -48.001951257783517, -15.848312397510631 ], [ -47.999866921084298, -15.846424755010354 ], [ -47.99875671658085, -15.848650916255925 ], [ -48.000644679762338, -15.85041966591044 ], [ -47.996089218752005, -15.855008523061663 ], [ -47.996463391322344, -15.855366185929602 ], [ -47.995211478481146, -15.856704199519021 ], [ -47.994561506948905, -15.856597060869463 ], [ -47.987960521849487, -15.862418954340008 ], [ -47.988308292035327, -15.862756696777589 ], [ -47.98654475540215, -15.864780642279264 ], [ -47.991947484032281, -15.866216616012631 ], [ -47.991427212159067, -15.868017641578623 ], [ -47.993872149681337, -15.869001704010314 ], [ -47.992097244868233, -15.876511181732775 ] ] ] } },
{ "type": "Feature", "properties": { "RA": "Brazlândia", "RS": "Oeste", "Macro": "Macrorregião 1" }, "geometry": { "type": "Polygon", "coordinates": [ [ [ -48.200008974746524, -15.502278247434781 ], [ -48.034776041421686, -15.50241218527359 ], [ -48.034284539892077, -15.503234313333564 ], [ -48.03415016899357, -15.504774630253889 ], [ -48.0394179104809, -15.516630349943958 ], [ -48.03976077945854, -15.519417662834671 ], [ -48.038971224104181, -15.525110852287924 ], [ -48.037912545168801, -15.52766636793795 ], [ -48.035226497129337, -15.531493559368284 ], [ -48.032412488569214, -15.530609167913489 ], [ -48.0317780057891, -15.531453868720748 ], [ -48.033142308652131, -15.533564014369292 ], [ -48.042398699358344, -15.542215906326605 ], [ -48.043727424444548, -15.545247800460158 ], [ -48.043718574242362, -15.547722622586321 ], [ -48.041920553082072, -15.550584720245592 ], [ -48.035910906476317, -15.554202592715249 ], [ -48.034187811997235, -15.556224556543548 ], [ -48.033601954125132, -15.558880703204993 ], [ -48.035349764850935, -15.563583001943337 ], [ -48.034818666481918, -15.565547234853925 ], [ -48.024878075736183, -15.573009039308928 ], [ -48.016998852666177, -15.582402411304397 ], [ -48.027904978730426, -15.592000879405814 ], [ -48.045254961974486, -15.612589090601018 ], [ -48.048619383580544, -15.614745621553148 ], [ -48.07000255182033, -15.624561738487062 ], [ -48.074563346128507, -15.628449929862995 ], [ -48.076819061621016, -15.633049635755407 ], [ -48.089635778530457, -15.677842487223458 ], [ -48.086194286862913, -15.724783242441335 ], [ -48.084801416675532, -15.728208297499188 ], [ -48.081948162517286, -15.731490846251818 ], [ -48.077097754954764, -15.734681287592101 ], [ -48.072907732195254, -15.736457251140223 ], [ -48.073672830017692, -15.737588246282924 ], [ -48.072251331420524, -15.739805690035526 ], [ -48.072509783914285, -15.741366383892423 ], [ -48.068474441165236, -15.746962196059229 ], [ -48.065687055975197, -15.754073579681874 ], [ -48.066428916177863, -15.756904845525154 ], [ -48.068755457542309, -15.759434824659088 ], [ -48.071253878959965, -15.758665474829007 ], [ -48.072590439152073, -15.759022527310659 ], [ -48.076984139630881, -15.757106235765509 ], [ -48.079884585884272, -15.757940884395078 ], [ -48.081576704655724, -15.759314231404574 ], [ -48.08862607125279, -15.761550189027734 ], [ -48.094516022736819, -15.765015110172605 ], [ -48.097362376935372, -15.765888186216504 ], [ -48.098898232864833, -15.765273138530182 ], [ -48.100356559693708, -15.765652308550131 ], [ -48.105231716740626, -15.767570737760414 ], [ -48.107753933631841, -15.769288367388214 ], [ -48.109152885413693, -15.76919979785311 ], [ -48.114203130397691, -15.77146885707846 ], [ -48.118818942025449, -15.770726442275183 ], [ -48.120246909390971, -15.771069029498031 ], [ -48.121029749838577, -15.770021740430412 ], [ -48.123207529293659, -15.769544030213408 ], [ -48.124600008713898, -15.769920335069083 ], [ -48.125659197892354, -15.768809871335584 ], [ -48.126395220842298, -15.769689081136923 ], [ -48.128633991413601, -15.769623403862107 ], [ -48.131543718162192, -15.771411848692058 ], [ -48.132349094645328, -15.770507380454184 ], [ -48.131995368629163, -15.769681045568316 ], [ -48.133879329816054, -15.769681951568966 ], [ -48.134745626448513, -15.767877281888335 ], [ -48.137537537350951, -15.767698296677073 ], [ -48.138225472585418, -15.768173479951924 ], [ -48.141607417627718, -15.767643031818697 ], [ -48.145274917335911, -15.768816751091336 ], [ -48.148460275959749, -15.769009729960663 ], [ -48.15098896790753, -15.768001011690464 ], [ -48.157120597644038, -15.767497259292547 ], [ -48.158343367340784, -15.767019083209565 ], [ -48.15843590549315, -15.765133220586078 ], [ -48.157615925098426, -15.764185969141034 ], [ -48.158612141477164, -15.763731072231618 ], [ -48.158356835781838, -15.763264118407422 ], [ -48.158893331229081, -15.763669554011663 ], [ -48.159036289123399, -15.762075233304286 ], [ -48.159630248002735, -15.762071790718556 ], [ -48.159834655154057, -15.760717955206182 ], [ -48.161255218605014, -15.759109268442174 ], [ -48.163357517118349, -15.756824346433998 ], [ -48.164736207398974, -15.756585091638266 ], [ -48.166025174847327, -15.75543030305181 ], [ -48.167355514206086, -15.753281689974752 ], [ -48.169872084287434, -15.752413314897513 ], [ -48.172204205986425, -15.750675875771009 ], [ -48.173935660187539, -15.750903464774114 ], [ -48.173883306372772, -15.751845631339419 ], [ -48.17482607838199, -15.752839492602195 ], [ -48.181999838289713, -15.747996610054892 ], [ -48.186389831421351, -15.746233354117175 ], [ -48.196747029354825, -15.749444751751229 ], [ -48.205608729071287, -15.750337679952169 ], [ -48.205557038213215, -15.747044462844499 ], [ -48.20824721850299, -15.740339062425184 ], [ -48.206609724487329, -15.732254447788332 ], [ -48.207714585811466, -15.723797693866691 ], [ -48.207775599385563, -15.717672629567703 ], [ -48.210267941005377, -15.712763458655536 ], [ -48.218826194310445, -15.708998691007553 ], [ -48.221341473512716, -15.709021194721393 ], [ -48.222021184670758, -15.708179869079446 ], [ -48.22234137478074, -15.708588336564704 ], [ -48.222753249643567, -15.708139299443433 ], [ -48.224594433954948, -15.70978421555372 ], [ -48.227515341135565, -15.708958271138551 ], [ -48.227444227802714, -15.708391642379089 ], [ -48.23061780861488, -15.709651244949274 ], [ -48.232566191584063, -15.709521366640898 ], [ -48.233438685693656, -15.708505233566848 ], [ -48.236016075312982, -15.708917102376885 ], [ -48.236925490180759, -15.707918072247665 ], [ -48.237655640843691, -15.708442947156353 ], [ -48.238990336133263, -15.70776662033914 ], [ -48.241272075819552, -15.705409551619766 ], [ -48.241451300498518, -15.70380009441191 ], [ -48.240332702137046, -15.702981815433866 ], [ -48.239196017993976, -15.696859969263818 ], [ -48.239774456680145, -15.695039843262764 ], [ -48.241535480725474, -15.693865618636995 ], [ -48.240633595536423, -15.692811024574084 ], [ -48.241508110855392, -15.687046845749775 ], [ -48.239582143547501, -15.682231209566313 ], [ -48.239541981667777, -15.679536081442949 ], [ -48.238939570539927, -15.679355408099173 ], [ -48.236950589109789, -15.672274210013665 ], [ -48.234641802048621, -15.667294774362833 ], [ -48.235161032774414, -15.661592584021815 ], [ -48.233684758504481, -15.657371448667314 ], [ -48.235575589108358, -15.65444398403781 ], [ -48.236564571354108, -15.650592784700013 ], [ -48.235070927259841, -15.647023521595724 ], [ -48.23394504984963, -15.64115376633057 ], [ -48.229810846605254, -15.637642423339969 ], [ -48.228619877269558, -15.633806854635621 ], [ -48.226094056337438, -15.631444681204123 ], [ -48.225205365603266, -15.629694477090689 ], [ -48.223484346232489, -15.628305677248072 ], [ -48.22065708303036, -15.627351289470589 ], [ -48.217217525435622, -15.622181615989634 ], [ -48.214167814216317, -15.622913632375752 ], [ -48.211589601740179, -15.622535626041786 ], [ -48.207787658369938, -15.623062597670378 ], [ -48.203576984240371, -15.624464075065143 ], [ -48.201364363626993, -15.6229308310993 ], [ -48.200008970254956, -15.623108832612502 ], [ -48.200008974746524, -15.502278247434781 ] ] ] } },
{ "type": "Feature", "properties": { "RA": "Candangolândia", "RS": "Centro-Sul", "Macro": "Macrorregião 2" }, "geometry": { "type": "Polygon", "coordinates": [ [ [ -47.93231984602658, -15.851287864408835 ], [ -47.934993274532943, -15.861064292622556 ], [ -47.955231784284869, -15.873763178404458 ], [ -47.958743742498243, -15.87455138923969 ], [ -47.953296937130389, -15.840579121918777 ], [ -47.941360188313709, -15.844337865608914 ], [ -47.931483339325588, -15.845098956748503 ], [ -47.93231984602658, -15.851287864408835 ] ] ] } },
{ "type": "Feature", "properties": { "RA": "Ceilândia", "RS": "Oeste", "Macro": "Macrorregião 1" }, "geometry": { "type": "Polygon", "coordinates": [ [ [ -48.111915525610918, -15.770436889037036 ], [ -48.111201319145962, -15.77124562658641 ], [ -48.106381963647863, -15.772277752174116 ], [ -48.105258646436212, -15.773693509878216 ], [ -48.105064780116429, -15.775305493997696 ], [ -48.103757833785977, -15.775671389348904 ], [ -48.102509084811217, -15.779246991289471 ], [ -48.102653806996742, -15.780408537535889 ], [ -48.103591391235192, -15.780916047645324 ], [ -48.102997952480408, -15.786070907678335 ], [ -48.10726451529537, -15.790499782007711 ], [ -48.108258507445456, -15.790135468507689 ], [ -48.111023646755804, -15.794013494930326 ], [ -48.112417111627899, -15.794522139635625 ], [ -48.108595584984471, -15.79954638328879 ], [ -48.107603916776021, -15.798838620601503 ], [ -48.101453900322284, -15.805312016909838 ], [ -48.096671694652755, -15.811697139254997 ], [ -48.094021484901553, -15.816801577967345 ], [ -48.092470732209733, -15.821511165766074 ], [ -48.093306924500375, -15.821815302487709 ], [ -48.08787152414336, -15.835871286897657 ], [ -48.093303205475102, -15.837730082084926 ], [ -48.091892387846663, -15.841891400132097 ], [ -48.090678668676397, -15.841479355348184 ], [ -48.090701381680034, -15.845917808468371 ], [ -48.087656512380114, -15.851235010038392 ], [ -48.091898708393003, -15.853397996629198 ], [ -48.093199849810091, -15.853224896716819 ], [ -48.098157413809588, -15.855296819802396 ], [ -48.09934413591062, -15.855232890813626 ], [ -48.10270259988971, -15.857357861225008 ], [ -48.105531327345759, -15.857314437831814 ], [ -48.107353618290084, -15.859447897041369 ], [ -48.109902686723458, -15.856526033436978 ], [ -48.111303481848275, -15.854151472470626 ], [ -48.110837391861423, -15.853810771481031 ], [ -48.113412776441045, -15.850417418231421 ], [ -48.120491964410597, -15.85547364409978 ], [ -48.130248429269173, -15.84287726914104 ], [ -48.130512517793036, -15.841759019078461 ], [ -48.124152611769787, -15.836932260729764 ], [ -48.122627974899906, -15.838695299513848 ], [ -48.116399858017061, -15.834238325375976 ], [ -48.115121928168591, -15.832159579066001 ], [ -48.11801429856758, -15.828162935358892 ], [ -48.11925065797795, -15.828888767213375 ], [ -48.121132730007808, -15.826388359238543 ], [ -48.123765887039973, -15.828358860962677 ], [ -48.12420360463689, -15.825933309886747 ], [ -48.125667928618604, -15.823863611785503 ], [ -48.126706422409541, -15.823999141874902 ], [ -48.128696561768088, -15.818788841922661 ], [ -48.131250632020958, -15.819694891446099 ], [ -48.131842799659623, -15.818250119295207 ], [ -48.130806306416808, -15.817880085677549 ], [ -48.131608464236287, -15.815783235889745 ], [ -48.132665284557341, -15.816150205056971 ], [ -48.133298940887407, -15.814516584639454 ], [ -48.134723039209, -15.815019185558421 ], [ -48.136797919343238, -15.809080923254957 ], [ -48.140967650957094, -15.810280520023168 ], [ -48.145899205135876, -15.809108243196572 ], [ -48.146102514545923, -15.808438346066612 ], [ -48.147772566202413, -15.808891906635607 ], [ -48.15101261965065, -15.808436384016851 ], [ -48.154226850127721, -15.809340464280004 ], [ -48.155459827381051, -15.810407090055786 ], [ -48.155904686584471, -15.809627173585232 ], [ -48.158009443786739, -15.81023859217523 ], [ -48.159147223874463, -15.809501947969331 ], [ -48.163942104772644, -15.793962187556964 ], [ -48.1819045288347, -15.799100921755588 ], [ -48.184652063860412, -15.79911916533727 ], [ -48.188555298567152, -15.79800936722239 ], [ -48.188604977198992, -15.802091023368297 ], [ -48.19008010521862, -15.806873360730103 ], [ -48.190993960458833, -15.807585821552806 ], [ -48.190852478496538, -15.811983454546409 ], [ -48.188952430279521, -15.81480871189529 ], [ -48.187841590667176, -15.814758869615764 ], [ -48.186245930295982, -15.816128194635326 ], [ -48.1845861418916, -15.819349929276934 ], [ -48.184503018083419, -15.821350380498346 ], [ -48.183594684787252, -15.821445812114115 ], [ -48.183200970266213, -15.822472268914831 ], [ -48.186733312151695, -15.827755786241324 ], [ -48.188150235629124, -15.830750444943398 ], [ -48.187985964306378, -15.831548608752898 ], [ -48.188774132661933, -15.832183553018545 ], [ -48.189071556767665, -15.834818256646779 ], [ -48.190189455341525, -15.835720292596154 ], [ -48.186293640719036, -15.841198642092944 ], [ -48.186486768623652, -15.843328587643448 ], [ -48.185881161290027, -15.844519771409551 ], [ -48.185118304764231, -15.84499628926824 ], [ -48.184265963459723, -15.844362611561904 ], [ -48.183210469052021, -15.845730491570523 ], [ -48.182800774400391, -15.845127999322202 ], [ -48.18187714998146, -15.845814316113362 ], [ -48.181424920101136, -15.845314513090404 ], [ -48.177655413099167, -15.848764470377329 ], [ -48.175999710232702, -15.85519093427124 ], [ -48.176427630803133, -15.855872654200404 ], [ -48.175357809164964, -15.857070744376355 ], [ -48.17721108929166, -15.857683294852098 ], [ -48.178237688489929, -15.860826893590959 ], [ -48.177632560856651, -15.861883850335577 ], [ -48.182170174138939, -15.860582044735782 ], [ -48.183883962071675, -15.864091536746864 ], [ -48.183464880025326, -15.864484034363009 ], [ -48.185494640477785, -15.867437950014722 ], [ -48.188733971680534, -15.869329355079696 ], [ -48.189501586582381, -15.871107620855701 ], [ -48.192663133562988, -15.871866843970345 ], [ -48.191678509943003, -15.872609560593888 ], [ -48.193192794627549, -15.873159387394969 ], [ -48.193132878794735, -15.873966119962139 ], [ -48.194883350330407, -15.875216459930659 ], [ -48.194377791963234, -15.875585652281837 ], [ -48.196693738597233, -15.878540229501894 ], [ -48.196091964374915, -15.879202426200171 ], [ -48.197826271625374, -15.880709904503462 ], [ -48.19789735261886, -15.883275833520869 ], [ -48.198940997349638, -15.882853646749066 ], [ -48.200270759989998, -15.884346681645708 ], [ -48.199919245626063, -15.884846733517341 ], [ -48.200834298320551, -15.885743908593192 ], [ -48.200233171783559, -15.887786746079149 ], [ -48.202080285874139, -15.8894188714007 ], [ -48.202303630409972, -15.891557291223393 ], [ -48.203641821942632, -15.891532697076912 ], [ -48.20388950543277, -15.8921168698825 ], [ -48.204635780855043, -15.891359993657442 ], [ -48.205912407248036, -15.891471762055069 ], [ -48.205806366518637, -15.892581975248889 ], [ -48.206798158694582, -15.893748420105927 ], [ -48.208268839155245, -15.893009372998335 ], [ -48.207847182537293, -15.894849975001243 ], [ -48.208537190185126, -15.895744252674596 ], [ -48.209473659614304, -15.895737926721338 ], [ -48.210314570755145, -15.897012260156675 ], [ -48.211998752911057, -15.895556235617047 ], [ -48.21308350814251, -15.897612560094164 ], [ -48.217423180346877, -15.897264052428573 ], [ -48.218189449572442, -15.897627623186889 ], [ -48.2186101018739, -15.899116106052819 ], [ -48.219811706364247, -15.897811709035325 ], [ -48.220669647766236, -15.900891220602563 ], [ -48.22263272537684, -15.900338853510034 ], [ -48.224075342468012, -15.902528014601318 ], [ -48.224835007279616, -15.902283120545306 ], [ -48.224140452359812, -15.900675316788879 ], [ -48.224754673638699, -15.901296377537605 ], [ -48.226375971928107, -15.901024743826683 ], [ -48.226482398933065, -15.899861032353558 ], [ -48.227441207666736, -15.900420911897246 ], [ -48.228801275871518, -15.900181708680622 ], [ -48.227926470396689, -15.901305185419465 ], [ -48.229412501268925, -15.901778290356347 ], [ -48.230618357485504, -15.901533158667736 ], [ -48.230453187847488, -15.900547016741715 ], [ -48.231658664975015, -15.901576619181442 ], [ -48.231908374166125, -15.900676651582383 ], [ -48.233823667691816, -15.900476990566501 ], [ -48.234404249758249, -15.901042966965349 ], [ -48.235142098084857, -15.900666682532188 ], [ -48.235048530463175, -15.898981566418909 ], [ -48.235604884966406, -15.899913086912473 ], [ -48.23709760289762, -15.899106645792276 ], [ -48.236421900022371, -15.900002724015792 ], [ -48.236889395872637, -15.901491860587742 ], [ -48.235851235356662, -15.902704920982305 ], [ -48.236785246995225, -15.903632129628303 ], [ -48.238572026638067, -15.90382258492436 ], [ -48.240334012779051, -15.902731556105792 ], [ -48.240036676708215, -15.90353533560441 ], [ -48.240736831725499, -15.904554909827127 ], [ -48.242433742110677, -15.904661351696012 ], [ -48.246362971366786, -15.90746874979202 ], [ -48.247152038037619, -15.907081011483688 ], [ -48.246857060044412, -15.909297937712685 ], [ -48.247472139214395, -15.908716204379548 ], [ -48.248008747849354, -15.909462412573705 ], [ -48.248667910045285, -15.908541831088849 ], [ -48.250493640638837, -15.908614718316862 ], [ -48.252665410364671, -15.909859322683218 ], [ -48.252479050367405, -15.910583426308262 ], [ -48.253307564757314, -15.911607327467001 ], [ -48.253742014283233, -15.910755152563981 ], [ -48.254944598835543, -15.911562699404692 ], [ -48.255512818287052, -15.91252728241167 ], [ -48.254351886817823, -15.915228727054414 ], [ -48.254893841327046, -15.915141235711172 ], [ -48.255185182939989, -15.916031353410828 ], [ -48.253712368082219, -15.916771144361839 ], [ -48.256306701724441, -15.917123326821764 ], [ -48.256307066440449, -15.917849613188855 ], [ -48.258241725847036, -15.918249231374157 ], [ -48.257910338237039, -15.919110855412056 ], [ -48.259547640911542, -15.921788826163377 ], [ -48.258452130151198, -15.923327404270482 ], [ -48.259290106495996, -15.924795068315884 ], [ -48.258328342305056, -15.924946093464847 ], [ -48.259337535746369, -15.927823744842762 ], [ -48.259192100298506, -15.929221466113908 ], [ -48.260715811903644, -15.92928408191805 ], [ -48.261264779560292, -15.928757463971305 ], [ -48.260694195742957, -15.928054708807915 ], [ -48.2611697180403, -15.927902893003976 ], [ -48.264216589684992, -15.928424919372585 ], [ -48.265113151457669, -15.931573857979799 ], [ -48.268200125693284, -15.933145401624945 ], [ -48.269780441042791, -15.931705786952293 ], [ -48.271272750240549, -15.932000408345038 ], [ -48.274101130946889, -15.931079852403126 ], [ -48.276233479004794, -15.931436601793548 ], [ -48.274636807130591, -15.927847623619533 ], [ -48.27706308933935, -15.926644172235395 ], [ -48.276716170756409, -15.925627783620797 ], [ -48.275787195971645, -15.925857405983589 ], [ -48.276000021235497, -15.924902117973176 ], [ -48.275247947188056, -15.924494262472994 ], [ -48.276915049675473, -15.923971958957338 ], [ -48.275322986158692, -15.923380893647824 ], [ -48.276257712856214, -15.92283941238677 ], [ -48.275186019128995, -15.921918502590691 ], [ -48.274299127720354, -15.923090603032268 ], [ -48.274197020713579, -15.922445795863949 ], [ -48.273049866705868, -15.92228584870813 ], [ -48.272782535263836, -15.92168570106171 ], [ -48.272131227936761, -15.922221946174599 ], [ -48.271645879866846, -15.921116346368709 ], [ -48.273139493418398, -15.920010309410531 ], [ -48.27190477343342, -15.920263820466266 ], [ -48.270082656762256, -15.919521641701426 ], [ -48.27103092735932, -15.917573710996685 ], [ -48.269891664153064, -15.917594172653455 ], [ -48.269547931894436, -15.91691072834675 ], [ -48.270412039332534, -15.916960457261434 ], [ -48.270089807351916, -15.91627176015473 ], [ -48.270754546289119, -15.916043718096613 ], [ -48.270065542957774, -15.913623517420749 ], [ -48.269308675499978, -15.913079030300567 ], [ -48.270464549454154, -15.912190644590341 ], [ -48.269645367661731, -15.911501135486601 ], [ -48.270192674333416, -15.910429349426646 ], [ -48.272141744513796, -15.910776262840516 ], [ -48.274671712967596, -15.909374462577439 ], [ -48.275039238004837, -15.907534534303812 ], [ -48.277252402098959, -15.907413342606764 ], [ -48.276371503351569, -15.906053004379608 ], [ -48.274818324310168, -15.905233997910219 ], [ -48.27417719309863, -15.903310859233571 ], [ -48.276364898937601, -15.90285862019676 ], [ -48.275829155380251, -15.901532168592112 ], [ -48.276665344975946, -15.899969750615471 ], [ -48.275808071920537, -15.899174917761188 ], [ -48.274685251477237, -15.900024927450053 ], [ -48.273769535826069, -15.899120312628806 ], [ -48.274165452117863, -15.897641836144752 ], [ -48.27586894984902, -15.897360535853693 ], [ -48.27599561859229, -15.896735956135403 ], [ -48.275253179874582, -15.895595173697041 ], [ -48.272870133580454, -15.895577750097285 ], [ -48.273590738745177, -15.894223234471681 ], [ -48.2754271413243, -15.893686187202043 ], [ -48.276435898184396, -15.892520282835145 ], [ -48.275276149796397, -15.890606821091254 ], [ -48.273723207011919, -15.890264684440417 ], [ -48.273871655409252, -15.887745973945339 ], [ -48.27167209809673, -15.88376222708548 ], [ -48.271935430239118, -15.88287037591382 ], [ -48.273349479107637, -15.88209260220596 ], [ -48.274028402443179, -15.87898457145296 ], [ -48.275000609549302, -15.878899717805005 ], [ -48.274930813146668, -15.880534136587816 ], [ -48.275470962042178, -15.880664670814207 ], [ -48.275688172881246, -15.877895819519901 ], [ -48.274863071191106, -15.876467682972889 ], [ -48.27710670703798, -15.875823544585153 ], [ -48.277632263700006, -15.872575582983917 ], [ -48.278403403591035, -15.871878769831749 ], [ -48.277101463571661, -15.87157013415257 ], [ -48.275973056505613, -15.869899125930914 ], [ -48.278144655551543, -15.868560766127962 ], [ -48.280358014580088, -15.869105663168984 ], [ -48.279131449501257, -15.867267062983542 ], [ -48.280521648098983, -15.866723044935958 ], [ -48.279220499495366, -15.864699339279067 ], [ -48.279072296338114, -15.863365268065877 ], [ -48.28020295009069, -15.86278880265969 ], [ -48.278887215541808, -15.861796010897249 ], [ -48.279154807495281, -15.860247446635832 ], [ -48.280289676143163, -15.8604659688609 ], [ -48.280030319045906, -15.861436053979331 ], [ -48.280677091677433, -15.861376399109263 ], [ -48.28152926769193, -15.859956236249761 ], [ -48.281544194098693, -15.858489106842937 ], [ -48.280314982583029, -15.858212101881119 ], [ -48.280551016720558, -15.85688465452901 ], [ -48.281608652711903, -15.85747003388817 ], [ -48.281795451985339, -15.855825245090438 ], [ -48.283540473442187, -15.855986370171731 ], [ -48.282349658616724, -15.854754218626004 ], [ -48.284056941848483, -15.854197411201911 ], [ -48.284318831296531, -15.85340262759185 ], [ -48.28265731633018, -15.853627475866551 ], [ -48.28241842734667, -15.852901377764725 ], [ -48.283070491953531, -15.850705384510475 ], [ -48.28412304078541, -15.84975015286307 ], [ -48.284434791223291, -15.846822472050704 ], [ -48.285303379458028, -15.846439182439196 ], [ -48.284847852760606, -15.844973134353603 ], [ -48.285892396704988, -15.844432266628663 ], [ -48.285284566939353, -15.842808851925133 ], [ -48.28326948136538, -15.84211373864526 ], [ -48.28516045929296, -15.840094945431963 ], [ -48.284637524813249, -15.837838037924856 ], [ -48.285120235429481, -15.836750952182403 ], [ -48.281882716128671, -15.831828287097578 ], [ -48.280874663547756, -15.827967315511664 ], [ -48.281587293469386, -15.827029484481878 ], [ -48.280533805898038, -15.825698846936815 ], [ -48.280630831135234, -15.823763916120784 ], [ -48.278341236580111, -15.821979203119604 ], [ -48.276419255097132, -15.81920687067127 ], [ -48.276258942649847, -15.817931608248598 ], [ -48.271755447382056, -15.815412641143544 ], [ -48.271222876674287, -15.812797510374841 ], [ -48.269928470825199, -15.813493986394873 ], [ -48.269830798800989, -15.811942035273947 ], [ -48.268228357047718, -15.812915149543427 ], [ -48.26804455185912, -15.80866461781519 ], [ -48.267202697487235, -15.808171215841725 ], [ -48.266795622322974, -15.809457053563234 ], [ -48.266177260708943, -15.808987597380032 ], [ -48.266749792972128, -15.80684578550475 ], [ -48.264657876288531, -15.808885824294913 ], [ -48.264076895370103, -15.806614002375568 ], [ -48.263388944864268, -15.806889382242886 ], [ -48.262133497152433, -15.805851219129874 ], [ -48.2620195494519, -15.806484887060364 ], [ -48.261225986713065, -15.806485875873836 ], [ -48.261133148523392, -15.805501853684994 ], [ -48.259687595737866, -15.803995889950723 ], [ -48.258767157643241, -15.804056256709318 ], [ -48.259095331081149, -15.802894148497302 ], [ -48.257530415550555, -15.803034452678542 ], [ -48.256597910386724, -15.801747313042039 ], [ -48.250321622245075, -15.802110392085249 ], [ -48.248996042160684, -15.800674191684397 ], [ -48.248769434943739, -15.801389138642957 ], [ -48.249422299949529, -15.801755061233692 ], [ -48.248497194208689, -15.802397558509057 ], [ -48.248058579194812, -15.800722122848846 ], [ -48.249070240308207, -15.799645166869006 ], [ -48.248812178581595, -15.798718066339136 ], [ -48.247405785155934, -15.798717170840829 ], [ -48.246705004012902, -15.79954084954673 ], [ -48.247084431727657, -15.800244433123918 ], [ -48.246478930395234, -15.800280347864041 ], [ -48.245928803013555, -15.79933985324903 ], [ -48.246757435082763, -15.797828360887943 ], [ -48.246238501699331, -15.797040393450763 ], [ -48.245361941814764, -15.797702509937704 ], [ -48.244634460046541, -15.796874202733605 ], [ -48.242949516119261, -15.797308695777284 ], [ -48.242399931320008, -15.799337711320463 ], [ -48.241317182924917, -15.799490296446294 ], [ -48.240379410040248, -15.797788759112775 ], [ -48.241146626090128, -15.79308407881237 ], [ -48.24056282895328, -15.792762914197336 ], [ -48.240481115500089, -15.793932147894639 ], [ -48.239239717439283, -15.793394542469766 ], [ -48.236918691730686, -15.789229494988458 ], [ -48.237883783281447, -15.786806648214068 ], [ -48.237534194905486, -15.785547408885915 ], [ -48.23679696012821, -15.784897447322397 ], [ -48.232931527426956, -15.784557897767243 ], [ -48.232382292072352, -15.783885693483919 ], [ -48.233060085327267, -15.780982819122785 ], [ -48.232007201423784, -15.77847829836581 ], [ -48.228199184543911, -15.776951997564421 ], [ -48.213506457436154, -15.766678651306099 ], [ -48.212687680783922, -15.763232882007394 ], [ -48.206696826035596, -15.755051191750798 ], [ -48.205608729071287, -15.750337679952169 ], [ -48.196747029354825, -15.749444751751229 ], [ -48.188797745777492, -15.746656849820006 ], [ -48.18530628532227, -15.746451474638 ], [ -48.1809227843152, -15.748632640166106 ], [ -48.175113252710339, -15.752741651087897 ], [ -48.174260444281877, -15.752596013975317 ], [ -48.173935660187539, -15.750903464774114 ], [ -48.172440680298443, -15.750654943293471 ], [ -48.167355514206086, -15.753281689974752 ], [ -48.166025174847327, -15.75543030305181 ], [ -48.164736207398974, -15.756585091638266 ], [ -48.163357517118349, -15.756824346433998 ], [ -48.159834655154057, -15.760717955206182 ], [ -48.158893331229081, -15.763669554011663 ], [ -48.158265189656554, -15.76330407533314 ], [ -48.158612141477164, -15.763731072231618 ], [ -48.157568036808946, -15.764287557189693 ], [ -48.15843590549315, -15.765133220586078 ], [ -48.158343367340784, -15.767019083209565 ], [ -48.157669365874682, -15.767321481959391 ], [ -48.15092148376845, -15.768012954917836 ], [ -48.148460275959749, -15.769009729960663 ], [ -48.145274917335911, -15.768816751091336 ], [ -48.141607417627718, -15.767643031818697 ], [ -48.138225472585418, -15.768173479951924 ], [ -48.137537537350951, -15.767698296677073 ], [ -48.134745626448513, -15.767877281888335 ], [ -48.133879329816054, -15.769681951568966 ], [ -48.131995368629163, -15.769681045568316 ], [ -48.132349094645328, -15.770507380454184 ], [ -48.131543718162192, -15.771411848692058 ], [ -48.128633991413601, -15.769623403862107 ], [ -48.126395220842298, -15.769689081136923 ], [ -48.125659197892354, -15.768809871335584 ], [ -48.124600008713898, -15.769920335069083 ], [ -48.123207529293659, -15.769544030213408 ], [ -48.121029749838577, -15.770021740430412 ], [ -48.120246909390971, -15.771069029498031 ], [ -48.118818942025449, -15.770726442275183 ], [ -48.114203130397691, -15.77146885707846 ], [ -48.111915525610918, -15.770436889037036 ] ] ] } },
{ "type": "Feature", "properties": { "RA": "Fercal", "RS": "Norte", "Macro": "Macrorregião 3" }, "geometry": { "type": "Polygon", "coordinates": [ [ [ -47.763785248299747, -15.52733752937514 ], [ -47.765507607058602, -15.527596509434719 ], [ -47.769797406595032, -15.526574879784061 ], [ -47.774673763791171, -15.529237778133011 ], [ -47.777635446400851, -15.529535047284311 ], [ -47.780966823479169, -15.528728388762831 ], [ -47.791135201828133, -15.524462407874131 ], [ -47.803527314747171, -15.525619680205274 ], [ -47.81000042466588, -15.523687792749161 ], [ -47.813102002813068, -15.523404531818949 ], [ -47.830269670275271, -15.529851768542319 ], [ -47.835443279100595, -15.530774578262781 ], [ -47.836571526266532, -15.540593733789537 ], [ -47.835410876868302, -15.548713928851431 ], [ -47.841088925658291, -15.55717389824485 ], [ -47.840290104181769, -15.561312002983945 ], [ -47.838989692196698, -15.562178235816083 ], [ -47.839242175385401, -15.564912994726912 ], [ -47.840849821079111, -15.565618049698168 ], [ -47.841179677061547, -15.56681552664916 ], [ -47.840035280881757, -15.567791542644313 ], [ -47.839805901463848, -15.568927009488929 ], [ -47.839140760081399, -15.568930718398455 ], [ -47.839266022062937, -15.570947679427871 ], [ -47.839542519914126, -15.571569966127733 ], [ -47.843826370806738, -15.573304337201673 ], [ -47.842552637887287, -15.5768839021458 ], [ -47.843501957716605, -15.578634815582758 ], [ -47.843048299514969, -15.581113736540082 ], [ -47.843929648318323, -15.581649518626657 ], [ -47.843600537937569, -15.582907676245799 ], [ -47.844226493909019, -15.58365763789363 ], [ -47.843758886667644, -15.587429884086607 ], [ -47.840968722988436, -15.588604027375654 ], [ -47.84303830755406, -15.59012684019371 ], [ -47.836994956158847, -15.593203043714094 ], [ -47.83582030741524, -15.598346056303631 ], [ -47.84053405427359, -15.598762830552095 ], [ -47.842936118800608, -15.595596350523113 ], [ -47.844416265707721, -15.59543508834542 ], [ -47.845956641959702, -15.596629616719797 ], [ -47.847276948933377, -15.595988319583327 ], [ -47.849197554197346, -15.597069785245333 ], [ -47.851264407884514, -15.596505680876007 ], [ -47.852651618685606, -15.59760971949188 ], [ -47.855999394509446, -15.598110222851563 ], [ -47.856482278500536, -15.597527653786448 ], [ -47.857112886846835, -15.598845133701479 ], [ -47.858728831177139, -15.599010720204355 ], [ -47.857812237871933, -15.601407705686626 ], [ -47.859020875272634, -15.603116834077086 ], [ -47.861453926287062, -15.601752225575824 ], [ -47.862856995946181, -15.602012644259 ], [ -47.861548422766745, -15.604745894413371 ], [ -47.862153635739965, -15.605850863773385 ], [ -47.861523843962253, -15.606751899913322 ], [ -47.861629142683228, -15.608949410359319 ], [ -47.860380024500884, -15.609334582113393 ], [ -47.860378307820376, -15.610542328235404 ], [ -47.86119045490581, -15.611238387072929 ], [ -47.861606338051423, -15.613289214834477 ], [ -47.865574423036833, -15.617016188879338 ], [ -47.865903118395927, -15.618435357467913 ], [ -47.865252487500257, -15.620057495250514 ], [ -47.866315272634793, -15.620155296599542 ], [ -47.868476170050755, -15.618353647018557 ], [ -47.869133961417546, -15.613778589382358 ], [ -47.870522606828146, -15.612162442545202 ], [ -47.870333953431953, -15.613256840260307 ], [ -47.872047643448333, -15.61425031256141 ], [ -47.873562509342861, -15.61366709027849 ], [ -47.874867064358028, -15.614053494681794 ], [ -47.876433509719554, -15.615523619975566 ], [ -47.877219081943934, -15.617323224992605 ], [ -47.877846679137406, -15.616613801157921 ], [ -47.880318487964765, -15.616055480462316 ], [ -47.883781991950023, -15.617530444023473 ], [ -47.8860690029504, -15.616146352960076 ], [ -47.88848221826504, -15.61053264601485 ], [ -47.890310753398907, -15.608895489370694 ], [ -47.891931549530064, -15.608374197621158 ], [ -47.8921013805261, -15.606019159614625 ], [ -47.891213124576531, -15.605059050306513 ], [ -47.891539715182908, -15.603928243329827 ], [ -47.889776992423386, -15.600256026722432 ], [ -47.889921076805066, -15.598641492549831 ], [ -47.888491211299346, -15.597236430498119 ], [ -47.887569314340702, -15.594731392876687 ], [ -47.88821601870027, -15.594511316607687 ], [ -47.887367877918017, -15.593897865232828 ], [ -47.886484964249448, -15.594569221510628 ], [ -47.88613505068335, -15.594154709158587 ], [ -47.886939683361433, -15.593909034736745 ], [ -47.886885993751847, -15.593278665021254 ], [ -47.88518502208327, -15.593337659623819 ], [ -47.885106479683031, -15.592445708604615 ], [ -47.890092964943108, -15.593347260456895 ], [ -47.896211140611591, -15.590246121302856 ], [ -47.900186524408689, -15.593165112779971 ], [ -47.90229127891601, -15.593861696940387 ], [ -47.913466817818808, -15.591190611001215 ], [ -47.926471543134056, -15.586592818092392 ], [ -47.931520823327446, -15.581618794382425 ], [ -47.935866998436147, -15.578588444282937 ], [ -47.938320110627501, -15.57326539793805 ], [ -47.943724110373751, -15.57471301477109 ], [ -47.947032236357593, -15.57329704847543 ], [ -47.94866890841476, -15.575071909287704 ], [ -47.950398862429353, -15.575654989421583 ], [ -47.951229080025037, -15.575307166925729 ], [ -47.954365083410536, -15.570362285846603 ], [ -47.955774960502879, -15.565346237284393 ], [ -47.950886306268821, -15.558787727547738 ], [ -47.952084039020292, -15.553594032682772 ], [ -47.950425837939015, -15.550821583567972 ], [ -47.958335266860452, -15.542190523913309 ], [ -47.965250406289449, -15.537569067214529 ], [ -47.967084685251244, -15.531952506917063 ], [ -47.970273305657877, -15.529688877845357 ], [ -47.970459929759848, -15.528349752183349 ], [ -47.968994937431567, -15.524961522578383 ], [ -47.9734476365633, -15.519745878701608 ], [ -47.974017006756682, -15.50706301309404 ], [ -47.975959702491807, -15.50242998097365 ], [ -47.772066047047844, -15.502370222802487 ], [ -47.771027378085421, -15.503325701378406 ], [ -47.77015078047161, -15.508640384963524 ], [ -47.771148359594626, -15.509120249644203 ], [ -47.770999511446995, -15.508294562258472 ], [ -47.771485501812329, -15.508470213334206 ], [ -47.771689621502759, -15.509745660962883 ], [ -47.770998596962031, -15.510396592616168 ], [ -47.772510650231425, -15.511143792235268 ], [ -47.771220607499664, -15.514257383543042 ], [ -47.773167998728781, -15.514677135190425 ], [ -47.77301886940846, -15.513914112472166 ], [ -47.774239207365738, -15.514924070132366 ], [ -47.771768945437302, -15.514703293090106 ], [ -47.772447438479823, -15.515501534168257 ], [ -47.772091219638739, -15.51605931077976 ], [ -47.770786104973148, -15.515656120457606 ], [ -47.770033880907064, -15.51713533572938 ], [ -47.768466884878265, -15.517215969816551 ], [ -47.768258268221523, -15.518968036353694 ], [ -47.766906630705691, -15.519223073893498 ], [ -47.767952894025527, -15.520872405232311 ], [ -47.765705761037239, -15.520337134040503 ], [ -47.765825573838256, -15.521676354138664 ], [ -47.764352488587591, -15.519549152997396 ], [ -47.763871597958115, -15.520395622430179 ], [ -47.762226561687335, -15.519931072357325 ], [ -47.762146058264833, -15.520963466078893 ], [ -47.761578671551604, -15.520455079362909 ], [ -47.761957871992593, -15.5243625962135 ], [ -47.762753904200146, -15.524804832209107 ], [ -47.763103770155539, -15.523984788598964 ], [ -47.764135293019876, -15.525185625294441 ], [ -47.763589379635206, -15.525429979610427 ], [ -47.763785248299747, -15.52733752937514 ] ] ] } },
{ "type": "Feature", "properties": { "RA": "Gama", "RS": "Sul", "Macro": "Macrorregião 2" }, "geometry": { "type": "Polygon", "coordinates": [ [ [ -48.038221701272143, -15.945430191709772 ], [ -48.014870791368807, -15.972623339380618 ], [ -48.010236310054495, -15.975834756709938 ], [ -48.004525346094191, -15.97782837567749 ], [ -48.007087652101589, -15.986195171768012 ], [ -48.010618492902232, -15.99289098994157 ], [ -48.011526084189974, -15.997052932123211 ], [ -48.013274950436234, -15.997960478979007 ], [ -48.014006346164159, -15.999264285046765 ], [ -48.016166928271446, -16.000223398760237 ], [ -48.017990708622513, -16.002657581210979 ], [ -48.020727014707184, -16.004098145177377 ], [ -48.02112317534074, -16.005208317756864 ], [ -48.025865301775546, -16.008483496078313 ], [ -48.027567784410437, -16.009002988788151 ], [ -48.032397879267755, -16.014291311363959 ], [ -48.039548564150763, -16.020019377993787 ], [ -48.040563250790051, -16.020323569157163 ], [ -48.043655808953467, -16.019494470014092 ], [ -48.045595754945502, -16.020775958390225 ], [ -48.048060501218103, -16.027030665886805 ], [ -48.049215796657236, -16.027593087624833 ], [ -48.049522318001848, -16.0298877852068 ], [ -48.050844763864212, -16.030908993900685 ], [ -48.054084351086814, -16.037111110898259 ], [ -48.050718033137194, -16.035910873040493 ], [ -48.048157279418604, -16.036466936135071 ], [ -48.04296120462633, -16.043001414476088 ], [ -48.048358769740204, -16.049703659692636 ], [ -48.277781209764001, -16.049586789429018 ], [ -48.277727044047317, -16.047154457256831 ], [ -48.278693805566199, -16.044700710883124 ], [ -48.2774285392683, -16.044043015939781 ], [ -48.278610284702651, -16.041700797549673 ], [ -48.276858509711495, -16.040965691804235 ], [ -48.277137705203486, -16.039097375545847 ], [ -48.27558200459108, -16.036602476435728 ], [ -48.273392643157038, -16.03564591350554 ], [ -48.27412281987111, -16.034228294193273 ], [ -48.271852230074131, -16.031758036273722 ], [ -48.272982981743077, -16.030626711697856 ], [ -48.272180239120338, -16.027568642271799 ], [ -48.271364485299046, -16.027223066526624 ], [ -48.272183684159458, -16.025621912074321 ], [ -48.271206981883651, -16.025168155831309 ], [ -48.272456129710406, -16.024608947773981 ], [ -48.27252380698728, -16.024004029972588 ], [ -48.271068471548304, -16.023563525184322 ], [ -48.269834829541665, -16.022157993347648 ], [ -48.270628730047051, -16.019820756298444 ], [ -48.269961154230181, -16.018577809017255 ], [ -48.270116657097446, -16.016613682492334 ], [ -48.271747163118505, -16.015281732418082 ], [ -48.271174657804778, -16.014580583018688 ], [ -48.27223826399949, -16.013241381003251 ], [ -48.271409132466985, -16.009617832794572 ], [ -48.272428822722397, -16.008999616909826 ], [ -48.271117362357643, -16.007975125387368 ], [ -48.269723340530071, -16.005253731468592 ], [ -48.269992658147203, -16.00392689524557 ], [ -48.268857805668986, -16.00241819169074 ], [ -48.267763531888789, -16.001923683860003 ], [ -48.267594280306106, -16.001062548027395 ], [ -48.266229299215041, -16.00123663791079 ], [ -48.265386489934016, -15.996644451492358 ], [ -48.264049981844188, -15.996343664569649 ], [ -48.262557750799864, -15.994846940619677 ], [ -48.26395775001734, -15.992436642917625 ], [ -48.262877851976633, -15.991826441167406 ], [ -48.261548978668408, -15.989617499057438 ], [ -48.262848518389347, -15.988882839655725 ], [ -48.262039602543986, -15.986203529453531 ], [ -48.261489765318146, -15.985116108557797 ], [ -48.259370132014773, -15.984593597710946 ], [ -48.258170863144159, -15.983277580686792 ], [ -48.259117489824256, -15.982320414254668 ], [ -48.25859758715864, -15.980527849130556 ], [ -48.260028400386986, -15.980140458443682 ], [ -48.260560246154313, -15.978846038583669 ], [ -48.259442311647845, -15.978532336391959 ], [ -48.258508065548995, -15.977235840363296 ], [ -48.257966553010881, -15.977715815071308 ], [ -48.256496251639284, -15.977099023935146 ], [ -48.253684281356541, -15.97721808531441 ], [ -48.253359641890967, -15.976437045554544 ], [ -48.253938809110835, -15.97622197955438 ], [ -48.253473819560206, -15.975878809119555 ], [ -48.247322845502374, -15.975627565425535 ], [ -48.24565792502279, -15.973237730459566 ], [ -48.246085303909091, -15.972317346610206 ], [ -48.244458286944592, -15.973322333523919 ], [ -48.243198509353078, -15.973051886345381 ], [ -48.241213354746058, -15.971662574159252 ], [ -48.23997483219248, -15.971852988206281 ], [ -48.240223569406446, -15.970840086410076 ], [ -48.238451544592152, -15.971761402871408 ], [ -48.238173028226527, -15.972560754385047 ], [ -48.235838911369285, -15.971875273509909 ], [ -48.232617019161154, -15.971974442390071 ], [ -48.229475928616196, -15.97049386758686 ], [ -48.228521270997454, -15.971239840837443 ], [ -48.226912523070894, -15.970959029739022 ], [ -48.226440345201354, -15.97147295361558 ], [ -48.225963696416656, -15.970850715251631 ], [ -48.225205263195321, -15.971326568436655 ], [ -48.224736511500282, -15.970128562473901 ], [ -48.223869890576019, -15.969784495491052 ], [ -48.223148708692882, -15.970720167094443 ], [ -48.221472811698831, -15.970646639149724 ], [ -48.220740587724222, -15.969444866204029 ], [ -48.219886541417303, -15.969697015851006 ], [ -48.21903235676983, -15.969040859899595 ], [ -48.218527050829259, -15.969523055696584 ], [ -48.217945754602155, -15.968354011037766 ], [ -48.214705398421685, -15.96733729144864 ], [ -48.213842947476962, -15.965947017215749 ], [ -48.212312273030051, -15.966208314856761 ], [ -48.211137216451306, -15.965148155770388 ], [ -48.20472287970837, -15.96424893093498 ], [ -48.200689515049575, -15.96227086547089 ], [ -48.198581769152362, -15.963980375896533 ], [ -48.195563975973414, -15.96268672558339 ], [ -48.193133412394012, -15.963897629234127 ], [ -48.19235444817685, -15.963136273350395 ], [ -48.19206433725585, -15.960705523332233 ], [ -48.18851141047562, -15.956853918862338 ], [ -48.186928103736221, -15.953431232660781 ], [ -48.186572302611751, -15.949560297083883 ], [ -48.187067192586611, -15.945725725798823 ], [ -48.181716128763419, -15.945941028386205 ], [ -48.179123439038165, -15.94667646811522 ], [ -48.176282972397985, -15.94626448669451 ], [ -48.173009688470763, -15.947079758557214 ], [ -48.172782186531805, -15.946273298650564 ], [ -48.163110166903181, -15.946853895314288 ], [ -48.160098293621957, -15.940169927852962 ], [ -48.156790614999139, -15.937128048060757 ], [ -48.155644292831383, -15.936990860457312 ], [ -48.153268619909092, -15.933790836101712 ], [ -48.153374875335842, -15.94714045991358 ], [ -48.147206624878478, -15.943534265457247 ], [ -48.144500000029105, -15.942912646886523 ], [ -48.134514065921088, -15.945214152656842 ], [ -48.130652866979759, -15.942781273772127 ], [ -48.127504827067767, -15.942754406424731 ], [ -48.126694234966088, -15.942205279552566 ], [ -48.12642581386762, -15.946954934495661 ], [ -48.125682650209477, -15.946989366821104 ], [ -48.125472100378239, -15.948031363376272 ], [ -48.123869857152648, -15.949657619984512 ], [ -48.122286804636467, -15.953041894552657 ], [ -48.121991482588498, -15.955719118804719 ], [ -48.121176623489227, -15.954717432763376 ], [ -48.12026232807451, -15.954757934782501 ], [ -48.120071515128387, -15.953678597613431 ], [ -48.11882432652726, -15.953751750024475 ], [ -48.117329982645394, -15.952695332299978 ], [ -48.116366426315444, -15.952980605926816 ], [ -48.116016195644058, -15.952094782419099 ], [ -48.114152867860909, -15.951086432747648 ], [ -48.111994972614639, -15.951309655130061 ], [ -48.107306646282197, -15.946661916583432 ], [ -48.106448367113664, -15.944603836345834 ], [ -48.105523817429983, -15.944379343686299 ], [ -48.105092026018994, -15.942943981590966 ], [ -48.1037978133077, -15.94199037978861 ], [ -48.102176778224681, -15.937240552864781 ], [ -48.096325784877884, -15.932860056594233 ], [ -48.094372340800383, -15.932246646546007 ], [ -48.092145612145472, -15.933517012527005 ], [ -48.091247984970856, -15.935028742939013 ], [ -48.08283156756432, -15.941675600634838 ], [ -48.07970183801276, -15.939027634231447 ], [ -48.077939804261057, -15.938784547647229 ], [ -48.075895031163569, -15.939411038622643 ], [ -48.062485572592003, -15.947791596697693 ], [ -48.052784039713053, -15.953003966932748 ], [ -48.048493092129689, -15.953160489143508 ], [ -48.043932216074815, -15.951648447983626 ], [ -48.040738043181406, -15.949194244672162 ], [ -48.038221701272143, -15.945430191709772 ] ] ] } },
{ "type": "Feature", "properties": { "RA": "Guará", "RS": "Centro-Sul", "Macro": "Macrorregião 2" }, "geometry": { "type": "Polygon", "coordinates": [ [ [ -47.948400442400526, -15.810152656871043 ], [ -47.954545093217071, -15.848391689283035 ], [ -47.955482672963939, -15.84825218137088 ], [ -47.956472356793917, -15.85448400501344 ], [ -47.961685271404519, -15.853751937022036 ], [ -47.962699703820583, -15.860839413752448 ], [ -47.959348921335476, -15.863389596915285 ], [ -47.962298694979424, -15.86431157821446 ], [ -47.963407460381795, -15.86263791577071 ], [ -47.966301716344553, -15.861589628290956 ], [ -47.966535290894839, -15.860933623859799 ], [ -47.970252888748114, -15.861677351164158 ], [ -47.970743475792752, -15.861114695519323 ], [ -47.971519425263821, -15.861725394020228 ], [ -47.971933913325799, -15.859309192629947 ], [ -47.972748193011718, -15.859427642910955 ], [ -47.973648533098491, -15.85864239910179 ], [ -47.975600093408836, -15.85921461537607 ], [ -47.97714175245504, -15.858395013978845 ], [ -47.979261731609796, -15.854957656324025 ], [ -47.979544016408049, -15.85300017156672 ], [ -47.980883307478621, -15.851980069330939 ], [ -47.981585375009139, -15.850373640767241 ], [ -47.982488335481591, -15.849944491664294 ], [ -47.984297553243593, -15.850680089730337 ], [ -47.985111270584149, -15.850005000249805 ], [ -47.984786230469943, -15.849483149830146 ], [ -47.985629833861687, -15.847889827274727 ], [ -47.988442706052972, -15.847434129838543 ], [ -47.989645035483747, -15.846245497901792 ], [ -47.990128293173989, -15.845074929885564 ], [ -47.989454810035809, -15.844506822463853 ], [ -47.990232837310131, -15.842638103905792 ], [ -47.989926566595472, -15.841240836606243 ], [ -47.991778755269095, -15.839206779674935 ], [ -47.991589429933072, -15.837958546399797 ], [ -47.993010933920132, -15.835932892941248 ], [ -47.993354828773832, -15.833006814575773 ], [ -47.995390107577073, -15.831223080275008 ], [ -47.995156964218125, -15.828018700688217 ], [ -47.996373825695258, -15.826696489287178 ], [ -47.996578196015655, -15.825477074601439 ], [ -47.996067422928263, -15.823412805526646 ], [ -47.998602323132964, -15.82191628775707 ], [ -48.000408314146469, -15.819806779071156 ], [ -48.000380748443661, -15.818058307460275 ], [ -48.004349915898985, -15.815641817811253 ], [ -48.004872526985196, -15.814554085454139 ], [ -47.994910614726187, -15.810952951315489 ], [ -47.99287019935614, -15.810977719507365 ], [ -47.992109367632999, -15.806079396203536 ], [ -47.991298607546355, -15.806181163785189 ], [ -47.990382594552827, -15.804391871875442 ], [ -47.982029908124119, -15.799630521734974 ], [ -47.9796053560706, -15.80253989169745 ], [ -47.971826879958009, -15.803752697475542 ], [ -47.971818628932127, -15.804714522889212 ], [ -47.970287276257181, -15.804943174910312 ], [ -47.970504022667257, -15.808074633576052 ], [ -47.968923210549391, -15.807355957249893 ], [ -47.96682138005832, -15.807355213049947 ], [ -47.948400442400526, -15.810152656871043 ] ] ] } },
{ "type": "Feature", "properties": { "RA": "Itapoã", "RS": "Leste", "Macro": "Macrorregião 3" }, "geometry": { "type": "Polygon", "coordinates": [ [ [ -47.675855588091565, -15.732300249885574 ], [ -47.674521473113657, -15.733141628884741 ], [ -47.675784225925398, -15.734244292153033 ], [ -47.677518992214964, -15.734122154371596 ], [ -47.680435195816756, -15.735737988156812 ], [ -47.689611404697338, -15.736269470724181 ], [ -47.704327516748577, -15.743632091633588 ], [ -47.729435976912036, -15.761301965009975 ], [ -47.733634431258793, -15.763014559053229 ], [ -47.736382424425315, -15.763036637491686 ], [ -47.739160359338563, -15.76220058937834 ], [ -47.75409755217111, -15.753086124907258 ], [ -47.757827497367956, -15.751960848748382 ], [ -47.762252902088093, -15.752629384923345 ], [ -47.783933188108108, -15.760476725193593 ], [ -47.784928584324987, -15.759679265108332 ], [ -47.78517236283858, -15.75810499924104 ], [ -47.786406677683367, -15.757694922828962 ], [ -47.785500178747007, -15.755908369832483 ], [ -47.784686547644718, -15.755954621359367 ], [ -47.78521693005645, -15.752327629149786 ], [ -47.787010032042254, -15.752185207974067 ], [ -47.786293966962972, -15.749434412111833 ], [ -47.791512428670451, -15.748074079640322 ], [ -47.790911826749593, -15.74571324556088 ], [ -47.783987772439716, -15.743202385999341 ], [ -47.790073961795883, -15.727506987312596 ], [ -47.781353986586844, -15.723967391970962 ], [ -47.776668330945746, -15.72451477679892 ], [ -47.771901455026544, -15.72313501981899 ], [ -47.761874506537602, -15.713254881413555 ], [ -47.76166558535197, -15.714173103050426 ], [ -47.759561315036585, -15.714996409624137 ], [ -47.757466520150821, -15.717594805970158 ], [ -47.754270801256801, -15.718070450556455 ], [ -47.752076720972582, -15.719470884417801 ], [ -47.750076209665764, -15.721832077618982 ], [ -47.748084770445018, -15.72295599000814 ], [ -47.747940646537458, -15.723843198681765 ], [ -47.74440726979276, -15.724509452861742 ], [ -47.742580353423037, -15.727652818795503 ], [ -47.737543503218248, -15.728017281610466 ], [ -47.733197292176918, -15.726249177030478 ], [ -47.730768628534342, -15.72694821483357 ], [ -47.729244411177696, -15.728348631706627 ], [ -47.725406937641338, -15.726807724881256 ], [ -47.721124428831757, -15.726530411827703 ], [ -47.719509352274024, -15.725307910448985 ], [ -47.718678023462324, -15.725594087397498 ], [ -47.717968495423364, -15.727027185751776 ], [ -47.713338543414714, -15.728327998703513 ], [ -47.710213646799389, -15.726600615839056 ], [ -47.70927821402605, -15.727566947080009 ], [ -47.707673500433422, -15.726934935845893 ], [ -47.705076585931387, -15.727087954141707 ], [ -47.703870656951267, -15.726266404233753 ], [ -47.703149121131908, -15.726531239334175 ], [ -47.702647899830929, -15.72832770125345 ], [ -47.701792961496935, -15.728399440316544 ], [ -47.701047078638425, -15.728316784662848 ], [ -47.700894038053363, -15.72737320683307 ], [ -47.698365457496678, -15.72736649688142 ], [ -47.693000481464679, -15.725847974656341 ], [ -47.689475753699547, -15.726946247672267 ], [ -47.687524086489681, -15.729370533431313 ], [ -47.685132851153412, -15.73041374071903 ], [ -47.684887730556781, -15.731102871539361 ], [ -47.683517455693739, -15.731166627005724 ], [ -47.682931779281333, -15.732148757319266 ], [ -47.68177624489033, -15.7321161940637 ], [ -47.680519740759713, -15.733787200277654 ], [ -47.678759700369632, -15.733832966578785 ], [ -47.677200869128455, -15.73192293457975 ], [ -47.676785943586928, -15.7324794314369 ], [ -47.675855588091565, -15.732300249885574 ] ] ] } },
{ "type": "Feature", "properties": { "RA": "Jardim Botânico", "RS": "Leste", "Macro": "Macrorregião 3" }, "geometry": { "type": "Polygon", "coordinates": [ [ [ -47.707221610116271, -15.893564243278277 ], [ -47.7095813226709, -15.893158447843893 ], [ -47.709251938303993, -15.893840517096272 ], [ -47.710239925216399, -15.894688373848181 ], [ -47.710355500664214, -15.89394539134037 ], [ -47.712600435474997, -15.892524922402522 ], [ -47.713620486853159, -15.893254187626628 ], [ -47.713602934670824, -15.894335781445067 ], [ -47.71462729975898, -15.894251599525424 ], [ -47.714067733778613, -15.893055028990471 ], [ -47.714816022325444, -15.892192738611545 ], [ -47.717799312112646, -15.892252240071956 ], [ -47.720275982622326, -15.891131387676042 ], [ -47.722513959981221, -15.891610430501382 ], [ -47.723513240513391, -15.891045383134767 ], [ -47.724667014206432, -15.892031787630243 ], [ -47.72746821189228, -15.892862285190763 ], [ -47.730130464458185, -15.895898589629905 ], [ -47.733917160723109, -15.898575002625314 ], [ -47.734935204366607, -15.898362400085363 ], [ -47.736564629714394, -15.899206991055571 ], [ -47.738283544332454, -15.898414639054248 ], [ -47.740353349883648, -15.898480302118642 ], [ -47.7420396853013, -15.898970550175681 ], [ -47.742062729783285, -15.900265572778626 ], [ -47.743036215192063, -15.899504458435572 ], [ -47.744487119241747, -15.900502504584752 ], [ -47.746394927106181, -15.900812530058746 ], [ -47.746826967350493, -15.901515255231439 ], [ -47.748481715307811, -15.901094458791992 ], [ -47.750816413375041, -15.901496999305825 ], [ -47.754345153914556, -15.90298774555418 ], [ -47.755371533025574, -15.902379002854772 ], [ -47.757302772545877, -15.902539022874274 ], [ -47.75913800102694, -15.901080155364141 ], [ -47.761495412996119, -15.903066502633733 ], [ -47.763185261724857, -15.900450406117182 ], [ -47.764430663576867, -15.899677586838331 ], [ -47.764973449926053, -15.898023004992762 ], [ -47.766900170920479, -15.896848999344437 ], [ -47.768033224971489, -15.89512208791262 ], [ -47.768333754553154, -15.893211009563066 ], [ -47.770941128140045, -15.891353749644837 ], [ -47.77102140608541, -15.89017723493901 ], [ -47.772902036319238, -15.888065506638849 ], [ -47.773940433990447, -15.885692941611447 ], [ -47.777256776864185, -15.884712652638346 ], [ -47.778377442249116, -15.882029213954441 ], [ -47.784900326021088, -15.879389911598219 ], [ -47.787374554011507, -15.876605400068055 ], [ -47.791690075907781, -15.87486658976113 ], [ -47.794834873799914, -15.875113742113497 ], [ -47.799045432945121, -15.877467874715911 ], [ -47.79998811422449, -15.8791394284475 ], [ -47.801524113884405, -15.879684672734991 ], [ -47.802214404501548, -15.880939617043268 ], [ -47.797946673876709, -15.881000324557398 ], [ -47.795476141555376, -15.879604935330116 ], [ -47.795136973636701, -15.881815161382864 ], [ -47.796063280425074, -15.883085187700933 ], [ -47.796417704432208, -15.885907098925667 ], [ -47.795128693864726, -15.886877498749849 ], [ -47.795317628433594, -15.888947210511196 ], [ -47.793741077025132, -15.890415101364622 ], [ -47.795359861828366, -15.891693433325706 ], [ -47.792778580707221, -15.893209185709571 ], [ -47.794462274179622, -15.896810001029865 ], [ -47.792963094666582, -15.89767528942275 ], [ -47.79432398123658, -15.900740187742821 ], [ -47.793833642126948, -15.902244771237257 ], [ -47.790472938647852, -15.903851301972018 ], [ -47.789954780510513, -15.906311925630277 ], [ -47.786533198204609, -15.907198157662528 ], [ -47.784636429736707, -15.908382344560138 ], [ -47.78198216229535, -15.912942682382441 ], [ -47.780602827922678, -15.913497458789326 ], [ -47.778148546124832, -15.912882582319384 ], [ -47.775737912568317, -15.913290833731615 ], [ -47.772470373367334, -15.912463813040304 ], [ -47.776657598773042, -15.916889172955463 ], [ -47.77738283026148, -15.920366031470872 ], [ -47.778841624214294, -15.923123680620558 ], [ -47.789870256228795, -15.925938493366626 ], [ -47.795688511373378, -15.926782087346657 ], [ -47.799993412488043, -15.928351750814141 ], [ -47.802482018912904, -15.930630106644054 ], [ -47.804539354051322, -15.931316702094216 ], [ -47.807461428143483, -15.938769472092073 ], [ -47.8057188734604, -15.93969154064593 ], [ -47.805044916011745, -15.941333719367973 ], [ -47.803421554292143, -15.941902831869863 ], [ -47.800513597224672, -15.946287109114925 ], [ -47.797468700975287, -15.948613641829249 ], [ -47.794064769666399, -15.95283623438333 ], [ -47.794056581522582, -15.954126376840332 ], [ -47.793311335569619, -15.954998838408573 ], [ -47.793957737196934, -15.957121042800711 ], [ -47.791514625949638, -15.959715727591233 ], [ -47.790276967575373, -15.95984898367861 ], [ -47.787591332760925, -15.962016537773039 ], [ -47.776792693713681, -15.964532252629613 ], [ -47.774879769943709, -15.965724102194987 ], [ -47.772932948246485, -15.965574607938551 ], [ -47.768148103326659, -15.968606332197878 ], [ -47.764259600990584, -15.969396590866088 ], [ -47.761654337546304, -15.972360968839915 ], [ -47.759676679380313, -15.973122242149485 ], [ -47.762966026981452, -15.975457634040115 ], [ -47.765159401189862, -15.979167477330277 ], [ -47.767679951706228, -15.979635296496625 ], [ -47.768731206964098, -15.981134349432153 ], [ -47.771917922942329, -15.982947742361514 ], [ -47.773120194880939, -15.98346469341358 ], [ -47.775025353613593, -15.983020707044345 ], [ -47.778550923998466, -15.984931690021925 ], [ -47.778316915561902, -15.986250341294465 ], [ -47.779695460315438, -15.989004666060618 ], [ -47.769400080846559, -16.000758770501868 ], [ -47.766010561209782, -16.006708618369771 ], [ -47.762585329048875, -16.009372984089154 ], [ -47.762442803244213, -16.01413403051356 ], [ -47.764569412864084, -16.019286603886286 ], [ -47.76360965281453, -16.021636732909908 ], [ -47.760728161911956, -16.024813380624263 ], [ -47.759720182992901, -16.027490261365099 ], [ -47.759844248418467, -16.029356538288493 ], [ -47.760711194532867, -16.030560397783137 ], [ -47.733993889424788, -16.031868112710111 ], [ -47.731726501223484, -16.030157623615612 ], [ -47.730427475338892, -16.031008156794943 ], [ -47.727441080974067, -16.035635516901763 ], [ -47.72763885047376, -16.040462384495942 ], [ -47.722575649986737, -16.043938765907221 ], [ -47.721259862437257, -16.049867763639206 ], [ -47.888224869800759, -16.049874005299834 ], [ -47.885253119771697, -16.047201091638911 ], [ -47.881592454446185, -16.046064484027614 ], [ -47.880736011434095, -16.0441007698162 ], [ -47.879110376078501, -16.042913677682638 ], [ -47.878902292122724, -16.041634991507024 ], [ -47.876473527868825, -16.040384737318309 ], [ -47.875743000811788, -16.039300685005841 ], [ -47.873898481055754, -16.038863559481964 ], [ -47.873026922092372, -16.039357439638991 ], [ -47.87258932397139, -16.038555401879808 ], [ -47.868495932088685, -16.037419661832857 ], [ -47.869579146709412, -16.03498671059868 ], [ -47.870697991209269, -16.034400655179262 ], [ -47.871770153857064, -16.031932451644597 ], [ -47.872582125771018, -16.031665255850768 ], [ -47.873536289316348, -16.028645929809791 ], [ -47.874877518052983, -16.027247916855774 ], [ -47.874913332086734, -16.024926103786363 ], [ -47.877143552493159, -16.020776659492324 ], [ -47.8768970961017, -16.018108350681075 ], [ -47.874983535426189, -16.015342545192407 ], [ -47.87154498933446, -16.013865422444859 ], [ -47.870539060370888, -16.012764941123443 ], [ -47.871531248703874, -16.012399332452926 ], [ -47.87244000151329, -16.01089310888586 ], [ -47.873847420815011, -16.010765630601966 ], [ -47.875545505298263, -16.007723388393533 ], [ -47.878426277548613, -16.000147343789109 ], [ -47.877926992117061, -15.996818739519046 ], [ -47.878340003348725, -15.993887196623906 ], [ -47.880432910874077, -15.990287826741664 ], [ -47.880959870704579, -15.986446611176476 ], [ -47.884046994958844, -15.980528166071823 ], [ -47.884728332965864, -15.977835295798929 ], [ -47.88754766494236, -15.976654893033604 ], [ -47.889341281662816, -15.972080748314321 ], [ -47.890157909544882, -15.971082905250723 ], [ -47.891505505540259, -15.971272560709449 ], [ -47.892388103001856, -15.969338810201828 ], [ -47.887466888432002, -15.967536782318138 ], [ -47.887713919745245, -15.958809814107369 ], [ -47.887252596219298, -15.957468855810506 ], [ -47.889735045591195, -15.951573617450926 ], [ -47.892064508276945, -15.948926339716413 ], [ -47.895879335284988, -15.946298924321001 ], [ -47.896729258324754, -15.944534138209635 ], [ -47.896305709854815, -15.942431966015938 ], [ -47.897704222360503, -15.939880165098824 ], [ -47.89873909594084, -15.935227881574908 ], [ -47.901863432905756, -15.93222420826107 ], [ -47.906160230318243, -15.924278753739296 ], [ -47.906912883779036, -15.921776088646565 ], [ -47.906685039581944, -15.91839732861385 ], [ -47.90584504472271, -15.916746437539787 ], [ -47.9078995097438, -15.91261762833059 ], [ -47.905296601682188, -15.911590202435185 ], [ -47.904271332888854, -15.912107359956458 ], [ -47.901716457745486, -15.911243543548469 ], [ -47.89847915853192, -15.912126546197241 ], [ -47.896068056054823, -15.911348778465813 ], [ -47.893083298420457, -15.911731256051336 ], [ -47.889759027016026, -15.911106897203773 ], [ -47.884662812543986, -15.913434169413314 ], [ -47.882329985667496, -15.913515329194695 ], [ -47.893668911950797, -15.900669080840871 ], [ -47.880100758797781, -15.884940959185252 ], [ -47.856078218082367, -15.873173779212978 ], [ -47.856981519016315, -15.871238264014428 ], [ -47.851155720718296, -15.868691650288138 ], [ -47.856258133565781, -15.858794185940674 ], [ -47.853565783844594, -15.856626151043974 ], [ -47.850631899601389, -15.857152478196921 ], [ -47.842915704585771, -15.861606904475575 ], [ -47.845054082135867, -15.862811532117581 ], [ -47.843012144121417, -15.86620693472701 ], [ -47.830739967970906, -15.859290876710254 ], [ -47.820473105520712, -15.864016791997788 ], [ -47.815644513544861, -15.850111686122967 ], [ -47.795673526576117, -15.823860700913404 ], [ -47.78656545221488, -15.805573746119803 ], [ -47.785855310626587, -15.802230997918485 ], [ -47.783917714627343, -15.797855796446955 ], [ -47.781362649939446, -15.79902975137197 ], [ -47.776661135440314, -15.799461325110054 ], [ -47.776046046388871, -15.798683866253324 ], [ -47.776529790965995, -15.796258118420772 ], [ -47.775268930904559, -15.795752494807475 ], [ -47.773845503624486, -15.796382514634889 ], [ -47.773186515701731, -15.797811682590257 ], [ -47.770664481168524, -15.805812134076795 ], [ -47.777013160047339, -15.813220511831144 ], [ -47.781855579790353, -15.815730109480176 ], [ -47.767439051394803, -15.819777190947184 ], [ -47.769513811154781, -15.822086431871554 ], [ -47.773042642424137, -15.821935484312718 ], [ -47.773340302786792, -15.823942514726019 ], [ -47.771748987566625, -15.826508066457889 ], [ -47.77060446292775, -15.826846736697068 ], [ -47.772410252718629, -15.831464057512042 ], [ -47.771718568814478, -15.834473010030958 ], [ -47.768796660012327, -15.836770507707802 ], [ -47.760055800769571, -15.840779514633946 ], [ -47.759347636373214, -15.841992623391986 ], [ -47.75777484082095, -15.842196381607179 ], [ -47.75720248822082, -15.843164486553796 ], [ -47.755924937461408, -15.843296019779684 ], [ -47.752241171958381, -15.846919499863345 ], [ -47.752180868053351, -15.847753599408717 ], [ -47.748468078881807, -15.850947047107594 ], [ -47.74831988380938, -15.852458361824867 ], [ -47.746742596680697, -15.852154090633283 ], [ -47.746692934218522, -15.853433981427068 ], [ -47.745419753762981, -15.853809843389266 ], [ -47.747195492212654, -15.857264796148179 ], [ -47.747296761989574, -15.85969963517261 ], [ -47.745568742946112, -15.860838374222192 ], [ -47.744973415034274, -15.86060386020776 ], [ -47.744289285063353, -15.862130448295741 ], [ -47.743327370853748, -15.862122710196006 ], [ -47.743463683909901, -15.865593055242606 ], [ -47.742783828123102, -15.865307012092728 ], [ -47.741805380420686, -15.866212833018356 ], [ -47.741629837037763, -15.86839543609948 ], [ -47.74094398140317, -15.868835042795236 ], [ -47.741038998905715, -15.869907412420451 ], [ -47.74004076850413, -15.870055166779435 ], [ -47.740095406734653, -15.870722593947161 ], [ -47.737698426672146, -15.87045454549977 ], [ -47.737433241305325, -15.871297251496292 ], [ -47.737249585237059, -15.870750358324738 ], [ -47.736728268623175, -15.871006000906764 ], [ -47.736480514166125, -15.872023238426817 ], [ -47.734363001785141, -15.871764573760995 ], [ -47.732204700500361, -15.872322258953202 ], [ -47.732003003566248, -15.873515967367377 ], [ -47.730988271112885, -15.873071529540363 ], [ -47.730893241932243, -15.874055161186499 ], [ -47.730154840243429, -15.874357067240021 ], [ -47.727666050562249, -15.874168878999225 ], [ -47.727246930786656, -15.875200934620558 ], [ -47.725266146483499, -15.874464745991462 ], [ -47.724224177110706, -15.875675797048043 ], [ -47.723976798149458, -15.874689499061967 ], [ -47.723380032933171, -15.874720710474101 ], [ -47.722038379293402, -15.875500588101536 ], [ -47.722074922759163, -15.87680120692313 ], [ -47.721327248659975, -15.875990192243862 ], [ -47.720394987837906, -15.876758030515282 ], [ -47.719913373166307, -15.876190046902991 ], [ -47.719538408281885, -15.877353888319529 ], [ -47.71832931813028, -15.876967200554484 ], [ -47.716814530389165, -15.878368854199108 ], [ -47.716521614029531, -15.877155925345432 ], [ -47.715416920690352, -15.878033223719841 ], [ -47.714401952878383, -15.877981808941207 ], [ -47.714542106232379, -15.876686155643629 ], [ -47.713629168172062, -15.876036490628129 ], [ -47.713134896238124, -15.876330743427241 ], [ -47.712792357840506, -15.875444931043765 ], [ -47.711094289526926, -15.876047679208325 ], [ -47.709839613467906, -15.874980911089823 ], [ -47.709732704067633, -15.877544226781103 ], [ -47.708371035963332, -15.877417742898098 ], [ -47.707633935035048, -15.880219034793875 ], [ -47.709344608508694, -15.882131267266983 ], [ -47.709438933410155, -15.883752876697306 ], [ -47.710453489793728, -15.884123188717032 ], [ -47.709289049505003, -15.885893993660616 ], [ -47.711321284816073, -15.886180128542739 ], [ -47.712006370594459, -15.88768481659314 ], [ -47.708294314448182, -15.889335912565951 ], [ -47.709502417351288, -15.891475389057936 ], [ -47.70913676350478, -15.891895050473421 ], [ -47.706861064988786, -15.891524961834474 ], [ -47.707221610116271, -15.893564243278277 ] ] ] } },
{ "type": "Feature", "properties": { "RA": "Lago Norte", "RS": "Central", "Macro": "Macrorregião 2" }, "geometry": { "type": "Polygon", "coordinates": [ [ [ -47.859501544916547, -15.688227457636716 ], [ -47.851550042500456, -15.692534902810314 ], [ -47.83830858685333, -15.692894295694298 ], [ -47.834274845800444, -15.694194414252159 ], [ -47.7938954695747, -15.721855419545978 ], [ -47.791529389761337, -15.724208139580655 ], [ -47.783987772439716, -15.743202385999341 ], [ -47.790911826749593, -15.74571324556088 ], [ -47.791512428670451, -15.748074079640322 ], [ -47.786293966962972, -15.749434412111833 ], [ -47.787010032042254, -15.752185207974067 ], [ -47.78521693005645, -15.752327629149786 ], [ -47.784686547644718, -15.755954621359367 ], [ -47.785500178747007, -15.755908369832483 ], [ -47.786406677683367, -15.757694922828962 ], [ -47.78517236283858, -15.75810499924104 ], [ -47.784928584324987, -15.759679265108332 ], [ -47.783933188108108, -15.760476725193593 ], [ -47.786599162394232, -15.761343673879894 ], [ -47.789831854148716, -15.76148393247119 ], [ -47.807410479293821, -15.758738375515764 ], [ -47.810105130498776, -15.757394640870194 ], [ -47.811869730737243, -15.757433507880709 ], [ -47.813148017216875, -15.758133147379992 ], [ -47.808872281704538, -15.763043671329983 ], [ -47.808484762864005, -15.764209326953145 ], [ -47.812685131520631, -15.769463562069859 ], [ -47.813191863985885, -15.77201139640367 ], [ -47.808763244195347, -15.779881736575078 ], [ -47.805756590125924, -15.78347934739624 ], [ -47.804710384298261, -15.786484639470967 ], [ -47.803511187292877, -15.787357840063301 ], [ -47.800749378935613, -15.78643179755128 ], [ -47.797893878090832, -15.782745336646592 ], [ -47.795705169731995, -15.781375691639264 ], [ -47.793632783320994, -15.781042916977961 ], [ -47.786789691472734, -15.781960216837495 ], [ -47.789145569119427, -15.790673540721167 ], [ -47.789491022550138, -15.788470065057535 ], [ -47.790706956067574, -15.790225545949406 ], [ -47.792138769120832, -15.789889372230881 ], [ -47.794278062952515, -15.790731268935417 ], [ -47.79372582542824, -15.78985920575955 ], [ -47.794642994553534, -15.789571911776086 ], [ -47.795190756671069, -15.788262805386772 ], [ -47.795816490758646, -15.789425182541187 ], [ -47.798126610021384, -15.790538386808052 ], [ -47.798334192717235, -15.789895615924012 ], [ -47.799151395521086, -15.789709718371542 ], [ -47.799256382526664, -15.790298496667024 ], [ -47.801470015541369, -15.789028173808951 ], [ -47.804971542517663, -15.788409499157551 ], [ -47.806727818068389, -15.787259410093563 ], [ -47.806380318275465, -15.785390532563556 ], [ -47.809957358532856, -15.781771987492361 ], [ -47.810960915944086, -15.779165047032953 ], [ -47.817004263746036, -15.774828385800719 ], [ -47.817709539160433, -15.768628552772878 ], [ -47.818863414363108, -15.765090628086808 ], [ -47.81840883179504, -15.764443034605408 ], [ -47.816683103455553, -15.764795931526464 ], [ -47.813660065013657, -15.763672793405735 ], [ -47.81917170089725, -15.760079746246831 ], [ -47.819864829292385, -15.75860483259385 ], [ -47.818619326829051, -15.755197252469419 ], [ -47.815681811595468, -15.751360070305623 ], [ -47.816649651092682, -15.751231878623718 ], [ -47.814911394848238, -15.750467777746477 ], [ -47.819742648532269, -15.752582619944889 ], [ -47.821266854210819, -15.752340012505012 ], [ -47.822088506370271, -15.751219640450893 ], [ -47.821109933802042, -15.749117134760178 ], [ -47.823980490410975, -15.745541842439529 ], [ -47.827409219713282, -15.74434170614634 ], [ -47.828823450041483, -15.742633499959247 ], [ -47.83029200957975, -15.743726409041155 ], [ -47.830293065100214, -15.743083061877593 ], [ -47.832112041261141, -15.742393297254504 ], [ -47.832699739781269, -15.740931648257213 ], [ -47.83561862485417, -15.742026741014621 ], [ -47.836714907267343, -15.738829633589035 ], [ -47.835610510372206, -15.737021331482671 ], [ -47.8380710130034, -15.736263075797396 ], [ -47.838444772348723, -15.734223243848714 ], [ -47.840770429770927, -15.735129091100928 ], [ -47.843793491569024, -15.734972303782616 ], [ -47.846075504343155, -15.733320678266637 ], [ -47.84736202567899, -15.729740208020553 ], [ -47.851345417058525, -15.728016130719064 ], [ -47.85208463890919, -15.728973774738007 ], [ -47.852094852753972, -15.728513302226943 ], [ -47.851668781814716, -15.72752478250665 ], [ -47.851662167519279, -15.727017463222753 ], [ -47.852129910406255, -15.728385502537288 ], [ -47.852178365532673, -15.728904311709867 ], [ -47.852602470059779, -15.727458318573003 ], [ -47.853957844567198, -15.727386930239936 ], [ -47.856859937432496, -15.724254345573806 ], [ -47.859115744553165, -15.72451488748009 ], [ -47.858770315376951, -15.725213084705949 ], [ -47.85953446008687, -15.725899305299233 ], [ -47.856108685343543, -15.728844960205379 ], [ -47.859397385259356, -15.72662916090939 ], [ -47.860283388234187, -15.724541360165484 ], [ -47.860997565953049, -15.723749294890986 ], [ -47.861300284729069, -15.723518143188846 ], [ -47.862315990057887, -15.723393437722272 ], [ -47.862398008938278, -15.723489074538019 ], [ -47.86052033056847, -15.724359238569626 ], [ -47.859371195775559, -15.727082727981331 ], [ -47.860992544370617, -15.725474427819425 ], [ -47.861122461421949, -15.725717753885711 ], [ -47.859677968648448, -15.72702640061693 ], [ -47.857579459228987, -15.728237149305652 ], [ -47.858343366783672, -15.728063317261066 ], [ -47.857091630910581, -15.728553662009416 ], [ -47.858825670463084, -15.728053805763864 ], [ -47.857647495831969, -15.729068534742265 ], [ -47.856213502567527, -15.729328216184063 ], [ -47.855951881715747, -15.730636064947445 ], [ -47.853473470271048, -15.731112822145647 ], [ -47.852796474720115, -15.732910473154318 ], [ -47.847717540240879, -15.737503667942388 ], [ -47.844298143536079, -15.738884095259717 ], [ -47.840131399718842, -15.744218141767503 ], [ -47.833982269902293, -15.746458038706519 ], [ -47.827716148893032, -15.750675640603784 ], [ -47.827518816872889, -15.751616132667058 ], [ -47.829934550165262, -15.755393089571294 ], [ -47.829480696130901, -15.756983539386217 ], [ -47.827284990794318, -15.759095951786232 ], [ -47.826935620708966, -15.760547465600718 ], [ -47.828222551676575, -15.763382951723459 ], [ -47.829051603259025, -15.769402831423291 ], [ -47.831851225299872, -15.773620716573131 ], [ -47.833655741279671, -15.773232089235377 ], [ -47.834875173735135, -15.771779276901613 ], [ -47.83460894362765, -15.768832073632721 ], [ -47.835947512452734, -15.765614743353918 ], [ -47.840532484018475, -15.763342892798558 ], [ -47.842598331592534, -15.760661459067142 ], [ -47.844844206041088, -15.759938540872138 ], [ -47.845170113927864, -15.757193505960371 ], [ -47.84649717533415, -15.754833423696743 ], [ -47.853222099196678, -15.75043444794348 ], [ -47.859527163970128, -15.747858286628214 ], [ -47.862701919778679, -15.747384229934708 ], [ -47.863214813788453, -15.745647033985065 ], [ -47.865459849210552, -15.743471063014216 ], [ -47.872447745889353, -15.741101243010194 ], [ -47.876086393507244, -15.737004459694104 ], [ -47.878014502398784, -15.732866385817518 ], [ -47.881084037639781, -15.730079280299048 ], [ -47.884698834986878, -15.728805974454662 ], [ -47.889955973658907, -15.72975940119767 ], [ -47.893538894288149, -15.729375388586929 ], [ -47.894686555843997, -15.730213747278361 ], [ -47.895259742979022, -15.728726489743043 ], [ -47.898980444511594, -15.72719438049316 ], [ -47.900715120969636, -15.727390856771846 ], [ -47.90011680436286, -15.727692283801648 ], [ -47.900658134542965, -15.727862768113035 ], [ -47.902393067919171, -15.727309938724755 ], [ -47.906207923673307, -15.727447740891945 ], [ -47.908232252013235, -15.727827641252338 ], [ -47.908580380626873, -15.728654112662145 ], [ -47.910195637745986, -15.728162837759017 ], [ -47.913083118614871, -15.728598208560953 ], [ -47.913714327934102, -15.727887102003574 ], [ -47.915643000069316, -15.728307849054714 ], [ -47.920595258618754, -15.726156242802357 ], [ -47.92218075724746, -15.724586742892086 ], [ -47.921611835313399, -15.722240022242934 ], [ -47.922434867285133, -15.721573773604277 ], [ -47.922633739915995, -15.719445184130954 ], [ -47.923461457500252, -15.718556368657815 ], [ -47.92007052571185, -15.702970900078709 ], [ -47.914836113518177, -15.693477410520492 ], [ -47.913146240534935, -15.695920160718746 ], [ -47.910315761364096, -15.694503141961444 ], [ -47.910259057906728, -15.693733039791262 ], [ -47.908385165935854, -15.69347307686545 ], [ -47.905473633573536, -15.696390167148669 ], [ -47.87843293316655, -15.682948725047483 ], [ -47.875937177050346, -15.679576829747386 ], [ -47.87540545614884, -15.696256151754415 ], [ -47.859501544916547, -15.688227457636716 ] ], [ [ -47.881545923511105, -15.704834615425023 ], [ -47.884735686574786, -15.701465507708338 ], [ -47.891975506791866, -15.706974573692642 ], [ -47.891149762806286, -15.707511789554161 ], [ -47.88956915730094, -15.707317174100211 ], [ -47.888119292602049, -15.708957489393072 ], [ -47.881816268800904, -15.711476436751585 ], [ -47.880709511133212, -15.711387392353709 ], [ -47.879990287577399, -15.712215225907698 ], [ -47.87847595707877, -15.712043082872551 ], [ -47.878266069305894, -15.713994103406954 ], [ -47.877048979656685, -15.715079383721964 ], [ -47.875051626826419, -15.715287820615051 ], [ -47.87438212322494, -15.715796535414217 ], [ -47.8749841471789, -15.71636368748867 ], [ -47.869677674828097, -15.719511591880755 ], [ -47.86809866922227, -15.716459215192121 ], [ -47.871230910463368, -15.715538349128044 ], [ -47.870507631014043, -15.714608367147925 ], [ -47.870777687944646, -15.7135376837835 ], [ -47.873413962130847, -15.712569284051664 ], [ -47.874079967692602, -15.71135405787623 ], [ -47.871580529382058, -15.709542774645808 ], [ -47.872312901578681, -15.707983435659042 ], [ -47.876878209921166, -15.707440166792557 ], [ -47.881545923511105, -15.704834615425023 ] ] ] } },
{ "type": "Feature", "properties": { "RA": "Lago Sul", "RS": "Central", "Macro": "Macrorregião 2" }, "geometry": { "type": "Polygon", "coordinates": [ [ [ -47.785855310626587, -15.802230997918485 ], [ -47.78656545221488, -15.805573746119803 ], [ -47.788396202594242, -15.809622814748721 ], [ -47.79604775124875, -15.824475861980794 ], [ -47.815644513544861, -15.850111686122967 ], [ -47.820473105520712, -15.864016791997788 ], [ -47.830739967970906, -15.859290876710254 ], [ -47.843012144121417, -15.86620693472701 ], [ -47.845054082135867, -15.862811532117581 ], [ -47.842915704585771, -15.861606904475575 ], [ -47.850631899601389, -15.857152478196921 ], [ -47.853565783844594, -15.856626151043974 ], [ -47.856258133565781, -15.858794185940674 ], [ -47.851155720718296, -15.868691650288138 ], [ -47.856981519016315, -15.871238264014428 ], [ -47.856078218082367, -15.873173779212978 ], [ -47.880100758797781, -15.884940959185252 ], [ -47.893668911950797, -15.900669080840871 ], [ -47.882329985667496, -15.913515329194695 ], [ -47.884662812543986, -15.913434169413314 ], [ -47.889759027016026, -15.911106897203773 ], [ -47.893083298420457, -15.911731256051336 ], [ -47.896068056054823, -15.911348778465813 ], [ -47.89847915853192, -15.912126546197241 ], [ -47.901716457745486, -15.911243543548469 ], [ -47.904271332888854, -15.912107359956458 ], [ -47.905296601682188, -15.911590202435185 ], [ -47.907656275609263, -15.912623127007556 ], [ -47.909298843309642, -15.910637304378513 ], [ -47.90921875580711, -15.909911570760089 ], [ -47.912074697724698, -15.909599135196167 ], [ -47.913330866783717, -15.908368315510483 ], [ -47.91109454322325, -15.90500711567557 ], [ -47.910844687606748, -15.90099647476163 ], [ -47.910085221322838, -15.898928376386626 ], [ -47.908346669532662, -15.896995426764205 ], [ -47.908785971757744, -15.895965385308701 ], [ -47.907367671162987, -15.894679003232284 ], [ -47.906309110805225, -15.892530488155277 ], [ -47.906611154946461, -15.89181253156222 ], [ -47.905390057912776, -15.890765058566371 ], [ -47.906122289972217, -15.889402449497394 ], [ -47.906493724477578, -15.885264037044676 ], [ -47.90563148284032, -15.88348425373572 ], [ -47.906088756760973, -15.881336718212344 ], [ -47.908459644357734, -15.881336494429341 ], [ -47.90983959317807, -15.882188177903179 ], [ -47.916201958788555, -15.883433307782433 ], [ -47.919494325627355, -15.883388002127379 ], [ -47.923780870567505, -15.88489976656539 ], [ -47.935158844819583, -15.893028802974758 ], [ -47.937596394596952, -15.893820839237851 ], [ -47.9410381979799, -15.896156845742132 ], [ -47.946074343905515, -15.89510431954869 ], [ -47.95187303014994, -15.884524445560519 ], [ -47.956331347345461, -15.88119252414479 ], [ -47.956093859733798, -15.880061855246009 ], [ -47.948976761960942, -15.876006605736439 ], [ -47.936522075094167, -15.869984576125532 ], [ -47.936625305893344, -15.867059973968924 ], [ -47.93231984602658, -15.851287864408835 ], [ -47.929621809071328, -15.85152223543418 ], [ -47.925352869314118, -15.850841146331309 ], [ -47.924895121981301, -15.85170788605261 ], [ -47.919782954328141, -15.851591430028209 ], [ -47.911319921544873, -15.846696606657135 ], [ -47.907271684378244, -15.845916226156925 ], [ -47.904063122270621, -15.844028498163356 ], [ -47.904155399911545, -15.844664891321004 ], [ -47.903690452581735, -15.844608698600098 ], [ -47.898770974455331, -15.841808372477946 ], [ -47.898064428823119, -15.840672167035718 ], [ -47.892243078982382, -15.840949957433951 ], [ -47.886819484284842, -15.83757110210221 ], [ -47.885244562420297, -15.835952819296869 ], [ -47.883200447787914, -15.828586634965863 ], [ -47.881086111849768, -15.828695305243027 ], [ -47.879763124303295, -15.82746758672859 ], [ -47.879352662490412, -15.826023851926566 ], [ -47.876852534273716, -15.824624995268827 ], [ -47.871878397255536, -15.824546097780312 ], [ -47.870830497205255, -15.826533797260817 ], [ -47.871811876110428, -15.827262509490398 ], [ -47.871923988552837, -15.828300911861996 ], [ -47.870719396265855, -15.829973609328064 ], [ -47.866185369058201, -15.827885658029926 ], [ -47.862845819107406, -15.828241900575971 ], [ -47.85779044025157, -15.82695169504893 ], [ -47.854937371146256, -15.827846166713082 ], [ -47.854914281748513, -15.829508887595365 ], [ -47.860762991577865, -15.834283175389515 ], [ -47.86177449368946, -15.836447862901984 ], [ -47.866654134227957, -15.841534996717799 ], [ -47.869868689895164, -15.848070304858817 ], [ -47.868190877692932, -15.850055867371857 ], [ -47.869085944668974, -15.852936686886828 ], [ -47.873027155654349, -15.856228640843282 ], [ -47.874860354841175, -15.859206495222566 ], [ -47.874456228845993, -15.859570174430026 ], [ -47.874596464844998, -15.859080239193656 ], [ -47.873063620966683, -15.857403802682647 ], [ -47.872212096230761, -15.857467238429679 ], [ -47.87212404516324, -15.85758310431885 ], [ -47.873443646061098, -15.857835943084046 ], [ -47.873742558675261, -15.858385915602355 ], [ -47.873182667504757, -15.858690371822686 ], [ -47.871869426679105, -15.859006520893171 ], [ -47.870684975519119, -15.858325900353766 ], [ -47.870105947538114, -15.856777610165727 ], [ -47.868738702692532, -15.855870565583198 ], [ -47.868797910652916, -15.854708195335668 ], [ -47.869821657700143, -15.85417535134858 ], [ -47.867631626122908, -15.853522444099903 ], [ -47.866887709676561, -15.852104225592706 ], [ -47.865454278757468, -15.852663694326274 ], [ -47.863675631562913, -15.852011129575287 ], [ -47.860925852545606, -15.852362859309661 ], [ -47.858981614403149, -15.854120961287018 ], [ -47.859309777959581, -15.853322594621851 ], [ -47.858812785028654, -15.853795758688817 ], [ -47.858448559503437, -15.851504267061907 ], [ -47.862097862937226, -15.850724388215474 ], [ -47.863777248987851, -15.849618211637042 ], [ -47.861519051450209, -15.846123388730044 ], [ -47.858098480647321, -15.84418131659935 ], [ -47.854996852194482, -15.840714493017597 ], [ -47.851585776584152, -15.839211404913721 ], [ -47.849890252299453, -15.840363974474245 ], [ -47.850035844054176, -15.839810893556832 ], [ -47.848485566571135, -15.840165427285294 ], [ -47.843774842543716, -15.839065267366536 ], [ -47.840881722051485, -15.83943805099068 ], [ -47.839767276601577, -15.835979685348194 ], [ -47.837986990879941, -15.833063299179008 ], [ -47.83381737425043, -15.831023387622171 ], [ -47.831479403620612, -15.830782032185139 ], [ -47.829119486250107, -15.831784313741968 ], [ -47.829291965479598, -15.832427789010399 ], [ -47.825314222706574, -15.832973453408984 ], [ -47.827320624266697, -15.829790947173285 ], [ -47.827138455808544, -15.82783030934055 ], [ -47.824573159309566, -15.825626434452678 ], [ -47.823099124539645, -15.825299252599526 ], [ -47.822887861446063, -15.824028866800345 ], [ -47.821225166093434, -15.821998419547743 ], [ -47.819872980605268, -15.822103682050903 ], [ -47.819540539271443, -15.821330123410668 ], [ -47.817449764346577, -15.821012322472249 ], [ -47.816014271793911, -15.821693143113 ], [ -47.819387625348831, -15.817157477037778 ], [ -47.818181117853669, -15.810389263234551 ], [ -47.818875237090559, -15.809019501775703 ], [ -47.817420487353147, -15.80796156827952 ], [ -47.81698907592952, -15.805689952936934 ], [ -47.813369786107685, -15.806304015362747 ], [ -47.815302773749536, -15.802962797905906 ], [ -47.812204584945924, -15.797421442014466 ], [ -47.809785685092166, -15.795695286660248 ], [ -47.810390468670676, -15.794335355132837 ], [ -47.809210721987824, -15.793187582598451 ], [ -47.804217573024971, -15.792353451567951 ], [ -47.80258186935167, -15.792729039851459 ], [ -47.803562461332668, -15.794368420996873 ], [ -47.801705711912355, -15.794043507784165 ], [ -47.800960258448555, -15.795016044241089 ], [ -47.798575047214591, -15.795214071309509 ], [ -47.799051926866312, -15.79544440061216 ], [ -47.798456167763149, -15.797319292292565 ], [ -47.797574871062082, -15.795764246233508 ], [ -47.796978828989602, -15.796533939382977 ], [ -47.79582849404747, -15.795961927677839 ], [ -47.79541468241689, -15.79728141141184 ], [ -47.794603845075137, -15.795911650289604 ], [ -47.793709577599692, -15.796345841132792 ], [ -47.792093731185744, -15.796168833715345 ], [ -47.792011444607411, -15.795577682432249 ], [ -47.791089491054905, -15.795355319545232 ], [ -47.78952736030169, -15.795755283340114 ], [ -47.789285349672575, -15.798492842339703 ], [ -47.789924224316117, -15.7989365669431 ], [ -47.789263053487225, -15.799105367256573 ], [ -47.789361688505416, -15.800006968678058 ], [ -47.788631792065715, -15.799946078629326 ], [ -47.787264929004124, -15.801794925000843 ], [ -47.785855310626587, -15.802230997918485 ] ] ] } },
{ "type": "Feature", "properties": { "RA": "Núcleo Bandeirante", "RS": "Centro-Sul", "Macro": "Macrorregião 2" }, "geometry": { "type": "Polygon", "coordinates": [ [ [ -47.954545093217071, -15.848391689283035 ], [ -47.959098858208158, -15.876753515007289 ], [ -47.961969805584239, -15.8763304773003 ], [ -47.962303995937923, -15.878468888378425 ], [ -47.96393512359316, -15.878931545487504 ], [ -47.963947364037217, -15.880611009364886 ], [ -47.968650306857654, -15.880622925204326 ], [ -47.968870580053526, -15.879394097849625 ], [ -47.970785676848173, -15.879379837809376 ], [ -47.97075996436979, -15.882904307722299 ], [ -47.963955388687658, -15.882929652028464 ], [ -47.961043279606933, -15.882258411759658 ], [ -47.961017349736252, -15.883752401488138 ], [ -47.976185777007778, -15.883321140065185 ], [ -47.978466461173603, -15.881484913482957 ], [ -47.980172530781424, -15.877255711282269 ], [ -47.980768574650526, -15.878187960480112 ], [ -47.986352554558898, -15.877461456599708 ], [ -47.993437427067576, -15.878315161032681 ], [ -47.996020147289798, -15.879768134093862 ], [ -48.000235728017451, -15.879915035333036 ], [ -48.000480330286159, -15.877268154387346 ], [ -47.984503659109116, -15.875798036943248 ], [ -47.97895250004796, -15.87336095656747 ], [ -47.97714264088885, -15.86893608749731 ], [ -47.977135384297988, -15.866762004144773 ], [ -47.977919013466412, -15.864740635400526 ], [ -47.977445430631782, -15.864327000671425 ], [ -47.975017050856827, -15.866584289363203 ], [ -47.969456813421417, -15.867214151450334 ], [ -47.969175226614148, -15.864859848945686 ], [ -47.964957470166873, -15.865338199899146 ], [ -47.964015479691952, -15.864728711709065 ], [ -47.96347130095409, -15.865327502394811 ], [ -47.959348921335476, -15.863389596915285 ], [ -47.962699703820583, -15.860839413752448 ], [ -47.961685271404519, -15.853751937022036 ], [ -47.956472356793917, -15.85448400501344 ], [ -47.955482672963939, -15.84825218137088 ], [ -47.954545093217071, -15.848391689283035 ] ] ] } },
{ "type": "Feature", "properties": { "RA": "Paranoá", "RS": "Leste", "Macro": "Macrorregião 3" }, "geometry": { "type": "Polygon", "coordinates": [ [ [ -47.372274997135051, -15.846300362790911 ], [ -47.369586545203887, -15.845863707409563 ], [ -47.368826838171472, -15.847113554484542 ], [ -47.369253935885105, -15.847731888840222 ], [ -47.370875623145018, -15.847391048250298 ], [ -47.371268540860406, -15.84866266460771 ], [ -47.368773191681022, -15.848825118447429 ], [ -47.369382882755936, -15.850048763103215 ], [ -47.367896161977555, -15.852183933260676 ], [ -47.368391241496944, -15.853755386689977 ], [ -47.370899891132424, -15.854867174784134 ], [ -47.369637189524653, -15.85534767435658 ], [ -47.369380406999007, -15.857474819436501 ], [ -47.370691941025612, -15.860088235523634 ], [ -47.369843306169969, -15.861443663352675 ], [ -47.371468549860097, -15.862310774883069 ], [ -47.371637307369376, -15.863017745836764 ], [ -47.372448265983685, -15.862478706545838 ], [ -47.374406051618948, -15.864261058599173 ], [ -47.373297283521644, -15.865417822840447 ], [ -47.370792317877147, -15.864976020798254 ], [ -47.371601940696642, -15.867033018733794 ], [ -47.371275860333341, -15.86820233948246 ], [ -47.373305309070396, -15.869238314880805 ], [ -47.372545387340629, -15.870793213721027 ], [ -47.371527189186899, -15.870775759460678 ], [ -47.371863370207251, -15.872410779872604 ], [ -47.373985313977535, -15.872958131675682 ], [ -47.372078638888681, -15.873569162386019 ], [ -47.372054295442794, -15.874250278410189 ], [ -47.37377504262404, -15.875803973836179 ], [ -47.373527565746414, -15.877142085072609 ], [ -47.374935195253912, -15.877780113921522 ], [ -47.374522016935614, -15.878473493708048 ], [ -47.375585211701924, -15.878922887833028 ], [ -47.374921958578192, -15.879369224861891 ], [ -47.376739494739731, -15.881414770079516 ], [ -47.37725976301968, -15.881595221975205 ], [ -47.377661054830142, -15.880617910373575 ], [ -47.378552091963826, -15.881157213059502 ], [ -47.379535392365398, -15.880460112490956 ], [ -47.38068926217818, -15.881362577675848 ], [ -47.380158713578119, -15.881957415269897 ], [ -47.377834338051819, -15.882107675964491 ], [ -47.376958691753885, -15.882924820427437 ], [ -47.378787019376929, -15.884246136297353 ], [ -47.378036310768721, -15.885696636975108 ], [ -47.379011216413964, -15.886684248775939 ], [ -47.378310393948425, -15.888197598090363 ], [ -47.377698621477009, -15.887262138809675 ], [ -47.376982032679926, -15.888068838215728 ], [ -47.3780476349312, -15.891618292746022 ], [ -47.376618631808135, -15.891269137077472 ], [ -47.376486636953558, -15.892368994000886 ], [ -47.375748409537906, -15.892727449350172 ], [ -47.376573062968724, -15.893658533119323 ], [ -47.375689233018562, -15.895145148941594 ], [ -47.377465126876778, -15.896234874583577 ], [ -47.374689515905175, -15.896982480325855 ], [ -47.375737915418753, -15.898178470252709 ], [ -47.375610604380064, -15.89979134547101 ], [ -47.37377611251754, -15.899310825762393 ], [ -47.372404915983019, -15.899983758652416 ], [ -47.37487755754865, -15.906902252394582 ], [ -47.372197372813041, -15.906477439637221 ], [ -47.370914886709457, -15.907873820041578 ], [ -47.36815504745929, -15.908410590989073 ], [ -47.367247786751577, -15.908045473451745 ], [ -47.365561096499384, -15.909327810749552 ], [ -47.365846445451069, -15.910111136017282 ], [ -47.366707753738744, -15.910323949022523 ], [ -47.365942090875997, -15.910820334725583 ], [ -47.367007203545441, -15.911584576737079 ], [ -47.368281439521461, -15.910782406037702 ], [ -47.36783195579094, -15.912464308051202 ], [ -47.366250716075008, -15.912698444612575 ], [ -47.367836133855334, -15.914629538833527 ], [ -47.368051950509084, -15.91658783435572 ], [ -47.369274511796689, -15.917474188668205 ], [ -47.368172853864856, -15.918049154149438 ], [ -47.369243800193757, -15.918452307747994 ], [ -47.367275064095175, -15.919913612251865 ], [ -47.367679388618036, -15.920725387151228 ], [ -47.36644361490923, -15.921109278297497 ], [ -47.364769486697966, -15.919383147998737 ], [ -47.363902246834478, -15.919828773276503 ], [ -47.362006245527823, -15.921889005473945 ], [ -47.362359957170952, -15.924323176837822 ], [ -47.36121062025709, -15.925766386179927 ], [ -47.36273760801808, -15.928167826831494 ], [ -47.362107202691028, -15.92928486194843 ], [ -47.364425874813591, -15.929933098972192 ], [ -47.362499531111588, -15.93178851753165 ], [ -47.364839316338269, -15.931387898353069 ], [ -47.364703170368756, -15.930652892360877 ], [ -47.365418562609882, -15.930473299931878 ], [ -47.366220892007576, -15.931161557894509 ], [ -47.365096558801341, -15.933500735026296 ], [ -47.368058383344831, -15.933040347433417 ], [ -47.369061546395649, -15.935218858367532 ], [ -47.371910344011781, -15.935206531141871 ], [ -47.373457582494211, -15.936705738569389 ], [ -47.373006051503168, -15.938705341585095 ], [ -47.371254310647984, -15.936183106625554 ], [ -47.369950233536557, -15.936246257535869 ], [ -47.370961734749841, -15.938790517231615 ], [ -47.372003556798916, -15.93872916464905 ], [ -47.372611913875623, -15.940478735516677 ], [ -47.372043599202712, -15.94087896857909 ], [ -47.370556776914704, -15.940376885444598 ], [ -47.369024548382356, -15.941173036646964 ], [ -47.370375680146687, -15.941670522544577 ], [ -47.370759068533538, -15.942926247688074 ], [ -47.369830477329401, -15.943062435315333 ], [ -47.36999792060341, -15.945057303789733 ], [ -47.368450520424226, -15.946948310435587 ], [ -47.370528180844268, -15.947167280031186 ], [ -47.370603067101293, -15.945827805503418 ], [ -47.371409518867836, -15.946672486245463 ], [ -47.370560124935771, -15.950999823353349 ], [ -47.372434943968024, -15.953639405633577 ], [ -47.371825811645223, -15.955810980951881 ], [ -47.375062961738458, -15.956525355877963 ], [ -47.374386881570793, -15.958541721627185 ], [ -47.373634534435503, -15.958108644614448 ], [ -47.373051170286622, -15.95889402510449 ], [ -47.373230156013726, -15.9601448385292 ], [ -47.374310814927476, -15.960051755386012 ], [ -47.376113218069733, -15.961561316557152 ], [ -47.378558567918716, -15.96223565068652 ], [ -47.377522993652441, -15.962909802901159 ], [ -47.376836184007018, -15.965002900826141 ], [ -47.375346047833936, -15.966673524102406 ], [ -47.376195740904997, -15.967633191375986 ], [ -47.376260902000752, -15.968899678163114 ], [ -47.379223518858325, -15.968311631595144 ], [ -47.377060759234787, -15.971740865558608 ], [ -47.378949943226758, -15.973668246912123 ], [ -47.377718036765245, -15.974947652475299 ], [ -47.378919985310347, -15.977893411682675 ], [ -47.376414181537683, -15.978277714996715 ], [ -47.375560743390217, -15.980393205182057 ], [ -47.373859336937031, -15.979958144238394 ], [ -47.373741803161892, -15.981198868795193 ], [ -47.376462686969766, -15.982353362894177 ], [ -47.375777454765988, -15.983870010022114 ], [ -47.376506041462008, -15.98575235988023 ], [ -47.373211773788071, -15.994032604172467 ], [ -47.370617248804685, -15.99528708994437 ], [ -47.37037024264427, -16.000303085645552 ], [ -47.369113234558789, -16.00248412378814 ], [ -47.365451753563001, -16.001510040763741 ], [ -47.364572029812003, -16.004688156329472 ], [ -47.361825522458972, -16.006586667189367 ], [ -47.360386718716164, -16.006612377531084 ], [ -47.359697147649555, -16.008286535466159 ], [ -47.356622427332738, -16.008767425173364 ], [ -47.353648821384297, -16.007464811427273 ], [ -47.348518288573466, -16.007467682510907 ], [ -47.346502435838246, -16.009060233861454 ], [ -47.345492850731461, -16.011317121787144 ], [ -47.339949604031318, -16.013248352569697 ], [ -47.340636790070846, -16.01919784126062 ], [ -47.33682292066689, -16.018292646208089 ], [ -47.336094240546075, -16.01990841863724 ], [ -47.330640925985676, -16.023261152132914 ], [ -47.330257079458036, -16.024910183400618 ], [ -47.328979944618602, -16.025936149034447 ], [ -47.328392609017847, -16.027604844497713 ], [ -47.321543889224337, -16.03053811298054 ], [ -47.317983923245542, -16.035971945441155 ], [ -47.310940666090737, -16.036267049593771 ], [ -47.311661717718152, -16.040779824367284 ], [ -47.310135530356092, -16.049994862976209 ], [ -47.617283966414746, -16.049813488809143 ], [ -47.614164298892689, -16.014010736014029 ], [ -47.588810436959903, -15.973802730432269 ], [ -47.587288269558748, -15.969738415625001 ], [ -47.606425255227826, -15.939008955007923 ], [ -47.608137277971025, -15.93741108762422 ], [ -47.610589746968635, -15.93686704852365 ], [ -47.618974270589327, -15.939579505383294 ], [ -47.629457680023599, -15.947591511780507 ], [ -47.630611829212427, -15.949766762158275 ], [ -47.631492100037434, -15.954239527666724 ], [ -47.636706613649224, -15.959876307353909 ], [ -47.642316287171361, -15.963058895810164 ], [ -47.647126177121315, -15.967798095157862 ], [ -47.649048431692144, -15.968920632910446 ], [ -47.651398062454341, -15.969230826479063 ], [ -47.653721519902419, -15.968606045465542 ], [ -47.659290002075515, -15.963666254847285 ], [ -47.66197756647118, -15.962394883682006 ], [ -47.663569766531893, -15.959603565327859 ], [ -47.663223754349069, -15.958816225306769 ], [ -47.662089377079646, -15.958775381221379 ], [ -47.661456184280276, -15.956616227851544 ], [ -47.659757587757312, -15.955729377918336 ], [ -47.659793975814523, -15.954526662986861 ], [ -47.660740479425421, -15.953818073011483 ], [ -47.66261145456658, -15.953921157414699 ], [ -47.662917312954512, -15.952962148251329 ], [ -47.66392732655769, -15.95242546101098 ], [ -47.665179490028855, -15.952983929517428 ], [ -47.666617071164552, -15.951890344310739 ], [ -47.668798911903039, -15.945539343958444 ], [ -47.666796993834502, -15.944083323909004 ], [ -47.66638328371355, -15.942903489277848 ], [ -47.669233866282148, -15.942986610843203 ], [ -47.668315616483554, -15.941210392097963 ], [ -47.668301754580405, -15.938156734855289 ], [ -47.669603371206279, -15.936934985468577 ], [ -47.66828297799433, -15.934333456546074 ], [ -47.671131968748249, -15.930684296357514 ], [ -47.669828210538739, -15.928955048766069 ], [ -47.671498600860097, -15.929069415368893 ], [ -47.671990805770577, -15.92746370129923 ], [ -47.674488981049834, -15.928117895101156 ], [ -47.676427460991334, -15.930224560532942 ], [ -47.67726363351904, -15.928602289287461 ], [ -47.677184167650694, -15.927150851614732 ], [ -47.675333737878397, -15.924134367587207 ], [ -47.677460897267231, -15.923472323995759 ], [ -47.677814693351984, -15.922194965501911 ], [ -47.679230313373935, -15.921430892562926 ], [ -47.680612189080556, -15.918864581233272 ], [ -47.68136291116349, -15.918988567540005 ], [ -47.680959301699602, -15.919932836621005 ], [ -47.681462734652804, -15.921355265515887 ], [ -47.68217385001487, -15.92138490351938 ], [ -47.682638075997502, -15.918955060793474 ], [ -47.682255979388032, -15.916780064733278 ], [ -47.683130622267782, -15.915295688224186 ], [ -47.684674236048046, -15.915023568057475 ], [ -47.684401650359909, -15.91443561318418 ], [ -47.68234595374858, -15.9144131988257 ], [ -47.680620670973461, -15.912525783557154 ], [ -47.680390194712587, -15.911372983162849 ], [ -47.681916068562614, -15.911199520998439 ], [ -47.682166816206191, -15.909881715951977 ], [ -47.683502096299016, -15.910234249999762 ], [ -47.684804813361112, -15.909566763784026 ], [ -47.685465213435492, -15.911345532800423 ], [ -47.688033060251563, -15.91159275784284 ], [ -47.68687224646164, -15.909042695372722 ], [ -47.687689106109062, -15.906437549897133 ], [ -47.688779032941603, -15.906140227543965 ], [ -47.688417142137808, -15.908157871872916 ], [ -47.689318097570556, -15.908751868287093 ], [ -47.689989322344111, -15.906531781868463 ], [ -47.691189571276688, -15.905724192355366 ], [ -47.691582533907834, -15.903953632770843 ], [ -47.692276392633289, -15.904687436239005 ], [ -47.691644067606482, -15.905909523479172 ], [ -47.693000563211378, -15.907215817832475 ], [ -47.69420252972278, -15.906854980564159 ], [ -47.693209675738153, -15.904793211950537 ], [ -47.696809714663452, -15.905402409540736 ], [ -47.696349777237991, -15.903442493159526 ], [ -47.698349071327584, -15.90363948254759 ], [ -47.698815847627309, -15.9029583692014 ], [ -47.697596080100226, -15.901794141049676 ], [ -47.697518075790853, -15.89944829050839 ], [ -47.699906526349743, -15.899973928663352 ], [ -47.699017674817142, -15.897429694836081 ], [ -47.702721196069902, -15.897601805555002 ], [ -47.700701805769086, -15.895755714900513 ], [ -47.700564118290544, -15.894762149073783 ], [ -47.701522117642142, -15.89423267336257 ], [ -47.702963714247154, -15.895515676728975 ], [ -47.704145854041926, -15.892315068701471 ], [ -47.707128100885079, -15.894194334615367 ], [ -47.706861064988786, -15.891524961834474 ], [ -47.709294406159046, -15.891858820260621 ], [ -47.709511073517362, -15.891200288740077 ], [ -47.708220940055774, -15.889441217697646 ], [ -47.710042928267853, -15.888149205579303 ], [ -47.711423520281919, -15.888355685396075 ], [ -47.712006370594459, -15.88768481659314 ], [ -47.711321284816073, -15.886180128542739 ], [ -47.709289049505003, -15.885893993660616 ], [ -47.710453489793728, -15.884123188717032 ], [ -47.709438933410155, -15.883752876697306 ], [ -47.709344608508694, -15.882131267266983 ], [ -47.707633935035048, -15.880219034793875 ], [ -47.708371035963332, -15.877417742898098 ], [ -47.709732704067633, -15.877544226781103 ], [ -47.709903643584731, -15.874931729113094 ], [ -47.711094289526926, -15.876047679208325 ], [ -47.712792357840506, -15.875444931043765 ], [ -47.713134896238124, -15.876330743427241 ], [ -47.713629168172062, -15.876036490628129 ], [ -47.714542106232379, -15.876686155643629 ], [ -47.714401952878383, -15.877981808941207 ], [ -47.715416920690352, -15.878033223719841 ], [ -47.716521614029531, -15.877155925345432 ], [ -47.716814530389165, -15.878368854199108 ], [ -47.71832931813028, -15.876967200554484 ], [ -47.719538408281885, -15.877353888319529 ], [ -47.719913373166307, -15.876190046902991 ], [ -47.720394987837906, -15.876758030515282 ], [ -47.721327248659975, -15.875990192243862 ], [ -47.722074922759163, -15.87680120692313 ], [ -47.722038379293402, -15.875500588101536 ], [ -47.723380032933171, -15.874720710474101 ], [ -47.723976798149458, -15.874689499061967 ], [ -47.724224177110706, -15.875675797048043 ], [ -47.725266146483499, -15.874464745991462 ], [ -47.727246930786656, -15.875200934620558 ], [ -47.727666050562249, -15.874168878999225 ], [ -47.730154840243429, -15.874357067240021 ], [ -47.730893241932243, -15.874055161186499 ], [ -47.730988271112885, -15.873071529540363 ], [ -47.732003003566248, -15.873515967367377 ], [ -47.732204700500361, -15.872322258953202 ], [ -47.734363001785141, -15.871764573760995 ], [ -47.736480514166125, -15.872023238426817 ], [ -47.736728268623175, -15.871006000906764 ], [ -47.737249585237059, -15.870750358324738 ], [ -47.737433241305325, -15.871297251496292 ], [ -47.737698426672146, -15.87045454549977 ], [ -47.740095406734653, -15.870722593947161 ], [ -47.740110170546338, -15.869958164785217 ], [ -47.741038998905715, -15.869907412420451 ], [ -47.741772390690201, -15.866269962445777 ], [ -47.742655988875022, -15.865359719335865 ], [ -47.743477528745068, -15.865553257636005 ], [ -47.743327370853748, -15.862122710196006 ], [ -47.744289285063353, -15.862130448295741 ], [ -47.744973415034274, -15.86060386020776 ], [ -47.745568742946112, -15.860838374222192 ], [ -47.747296761989574, -15.85969963517261 ], [ -47.747195492212654, -15.857264796148179 ], [ -47.745419753762981, -15.853809843389266 ], [ -47.746692934218522, -15.853433981427068 ], [ -47.746742596680697, -15.852154090633283 ], [ -47.74831988380938, -15.852458361824867 ], [ -47.748468078881807, -15.850947047107594 ], [ -47.752180868053351, -15.847753599408717 ], [ -47.752241171958381, -15.846919499863345 ], [ -47.755924937461408, -15.843296019779684 ], [ -47.75720248822082, -15.843164486553796 ], [ -47.75777484082095, -15.842196381607179 ], [ -47.759347636373214, -15.841992623391986 ], [ -47.760055800769571, -15.840779514633946 ], [ -47.768796660012327, -15.836770507707802 ], [ -47.771718568814478, -15.834473010030958 ], [ -47.772410252718629, -15.831464057512042 ], [ -47.77060446292775, -15.826846736697068 ], [ -47.771748987566625, -15.826508066457889 ], [ -47.773340302786792, -15.823942514726019 ], [ -47.773042642424137, -15.821935484312718 ], [ -47.769513811154781, -15.822086431871554 ], [ -47.767439051394803, -15.819777190947184 ], [ -47.781855579790353, -15.815730109480176 ], [ -47.777013160047339, -15.813220511831144 ], [ -47.770784888654255, -15.806148910609462 ], [ -47.770757048066969, -15.804633354752198 ], [ -47.773845503624486, -15.796382514634889 ], [ -47.775389330305465, -15.795729202865349 ], [ -47.776459268724615, -15.79615690943448 ], [ -47.776046046388871, -15.798683866253324 ], [ -47.777067253898799, -15.799533204995599 ], [ -47.781362649939446, -15.79902975137197 ], [ -47.783959878851824, -15.797840013653714 ], [ -47.784689685460009, -15.795459907850248 ], [ -47.784378517130421, -15.793840740922818 ], [ -47.785417505893093, -15.79356291779426 ], [ -47.785814469620512, -15.79075082026586 ], [ -47.787768114920631, -15.790633077454109 ], [ -47.787780969812346, -15.788608949474348 ], [ -47.789145569119427, -15.790673540721167 ], [ -47.786789691472734, -15.781960216837495 ], [ -47.79518960413256, -15.781215957657002 ], [ -47.797893878090832, -15.782745336646592 ], [ -47.801265881477889, -15.786785051258088 ], [ -47.803070671443855, -15.787419844687156 ], [ -47.804374155667197, -15.786851622847477 ], [ -47.805756590125924, -15.78347934739624 ], [ -47.808208929766131, -15.780726727249988 ], [ -47.81301342443448, -15.772842898369415 ], [ -47.812685131520631, -15.769463562069859 ], [ -47.808911459030703, -15.765373001311703 ], [ -47.808479093596247, -15.764078370840814 ], [ -47.813148017216875, -15.758133147379992 ], [ -47.810510716256289, -15.757293576752074 ], [ -47.807410479293821, -15.758738375515764 ], [ -47.787349826985, -15.76146068673558 ], [ -47.761201800442137, -15.752290786869537 ], [ -47.757827497367956, -15.751960848748382 ], [ -47.75409755217111, -15.753086124907258 ], [ -47.738826857992706, -15.762351655802693 ], [ -47.735992446895857, -15.763085289066108 ], [ -47.733037975961281, -15.762924261171648 ], [ -47.729435976912036, -15.761301965009975 ], [ -47.70460689459857, -15.743798820529744 ], [ -47.690740623840398, -15.736704373694067 ], [ -47.687691061741432, -15.735896502451977 ], [ -47.680435195816756, -15.735737988156812 ], [ -47.677237327254261, -15.734065466665523 ], [ -47.674188066090906, -15.734268567348273 ], [ -47.670300479138113, -15.730737785637096 ], [ -47.665021191604438, -15.727463078658996 ], [ -47.662994170115283, -15.726956344613841 ], [ -47.660456374640404, -15.727425204627439 ], [ -47.664351573916925, -15.745723985702417 ], [ -47.664287528528739, -15.749015741436514 ], [ -47.642194353447955, -15.788972424636286 ], [ -47.621052187029221, -15.863046439324846 ], [ -47.605915869139217, -15.858982787759746 ], [ -47.603080165366684, -15.85889646964297 ], [ -47.558151406131799, -15.872253509553998 ], [ -47.556092590569797, -15.872361147954448 ], [ -47.55347963754668, -15.871564350075097 ], [ -47.520443899835399, -15.853760083319472 ], [ -47.517428552768962, -15.853114402461078 ], [ -47.467199950750086, -15.863060422278979 ], [ -47.463597401033567, -15.862742211756364 ], [ -47.456051209490525, -15.858369276866433 ], [ -47.453202940982109, -15.857685880324388 ], [ -47.423020249918238, -15.864152170703877 ], [ -47.387101526507756, -15.856874481968438 ], [ -47.385290977442502, -15.845994553583251 ], [ -47.383275961038798, -15.847105056200077 ], [ -47.382357147996522, -15.846619829834667 ], [ -47.38251095125127, -15.845416378448878 ], [ -47.380341431805228, -15.845454742895564 ], [ -47.380830583342039, -15.846445738082771 ], [ -47.380107278739892, -15.847082806317347 ], [ -47.379039027356853, -15.846324136304105 ], [ -47.378556251163594, -15.847215703248155 ], [ -47.377655567022074, -15.846132241368782 ], [ -47.377394877723255, -15.846810262122347 ], [ -47.375372882308106, -15.845392586680971 ], [ -47.375253467460759, -15.846058577965835 ], [ -47.373701609841142, -15.844582184555694 ], [ -47.372740541844529, -15.845012953304026 ], [ -47.373125725963632, -15.845851115456046 ], [ -47.372274997135051, -15.846300362790911 ] ] ] } },
{ "type": "Feature", "properties": { "RA": "Park Way", "RS": "Centro-Sul", "Macro": "Macrorregião 2" }, "geometry": { "type": "MultiPolygon", "coordinates": [ [ [ [ -47.907803257956047, -15.912481641206819 ], [ -47.907658175546082, -15.913815464687435 ], [ -47.906846208123703, -15.91525048649984 ], [ -47.906124992104587, -15.915309672732365 ], [ -47.90584504472271, -15.916746437539787 ], [ -47.906685039581944, -15.91839732861385 ], [ -47.906912883779036, -15.921776088646565 ], [ -47.906274199578341, -15.924026738745402 ], [ -47.901863432905756, -15.93222420826107 ], [ -47.89873909594084, -15.935227881574908 ], [ -47.897704222360503, -15.939880165098824 ], [ -47.896305709854815, -15.942431966015938 ], [ -47.896536559814855, -15.945086232607032 ], [ -47.895777001902779, -15.946405756935293 ], [ -47.892064508276945, -15.948926339716413 ], [ -47.888813523230027, -15.953149997558183 ], [ -47.887252596219298, -15.957468855810506 ], [ -47.887713919745245, -15.958809814107369 ], [ -47.887466888432002, -15.967536782318138 ], [ -47.929073613965826, -15.982677710625087 ], [ -47.938108136966534, -15.983977510010552 ], [ -47.945480794657939, -15.982897810460786 ], [ -47.966297788011815, -15.975648655057139 ], [ -47.971768606245533, -15.974577229870661 ], [ -47.978406362084463, -15.974640537090362 ], [ -47.998682812182416, -15.97819545872896 ], [ -48.004628266076288, -15.977812574171287 ], [ -48.009067571327137, -15.976403008645727 ], [ -48.01309953012251, -15.974074475492868 ], [ -48.020724216455072, -15.966143723295877 ], [ -48.000068167962446, -15.947582899406836 ], [ -48.001847854507801, -15.945741717270087 ], [ -48.000804976938269, -15.943387067798001 ], [ -47.997081564290163, -15.939624344027107 ], [ -47.996606150688983, -15.938041044068319 ], [ -47.985098488455968, -15.929792540148455 ], [ -47.983418690976954, -15.927948821814592 ], [ -47.98350187048068, -15.92440814176333 ], [ -47.981689515801712, -15.921610528497833 ], [ -47.981542585557214, -15.919854692581147 ], [ -47.982234321563652, -15.918627560494606 ], [ -47.981860378063701, -15.917390079498496 ], [ -47.983956812374856, -15.91386870779794 ], [ -47.983564307884507, -15.913561759759007 ], [ -47.984374899087875, -15.910007738839489 ], [ -47.986255704493175, -15.90692141235076 ], [ -47.985691898464665, -15.904967882227213 ], [ -47.987658764270819, -15.902762386494402 ], [ -47.987893476986578, -15.899593740638089 ], [ -47.987180866827885, -15.898957284202428 ], [ -47.987684299781087, -15.898910939252332 ], [ -47.989235736090841, -15.894412638584216 ], [ -47.988699279271152, -15.892370172469173 ], [ -47.989221587625117, -15.891882870922714 ], [ -47.98857882507302, -15.891372462674424 ], [ -47.989057057587573, -15.889709086222501 ], [ -47.988349831930691, -15.889000874058762 ], [ -47.98913325807986, -15.888657823162696 ], [ -47.988659073373995, -15.888466500745963 ], [ -47.988529087152372, -15.885522462324959 ], [ -47.987930124656906, -15.884341341174364 ], [ -47.983918048273722, -15.881794514640804 ], [ -47.982822776465241, -15.882219245589567 ], [ -47.981024722067275, -15.880951219220853 ], [ -47.979015131487891, -15.880528236987617 ], [ -47.97747956661258, -15.882563620769725 ], [ -47.975254616621918, -15.883557591555066 ], [ -47.961017349736252, -15.883752401488138 ], [ -47.961043279606933, -15.882258411759658 ], [ -47.963955388687658, -15.882929652028464 ], [ -47.97075996436979, -15.882904307722299 ], [ -47.970785676848173, -15.879379837809376 ], [ -47.968870580053526, -15.879394097849625 ], [ -47.968650306857654, -15.880622925204326 ], [ -47.963947364037217, -15.880611009364886 ], [ -47.96393512359316, -15.878931545487504 ], [ -47.962303995937923, -15.878468888378425 ], [ -47.961969805584239, -15.8763304773003 ], [ -47.959098858208158, -15.876753515007289 ], [ -47.958743742498243, -15.87455138923969 ], [ -47.955231784284869, -15.873763178404458 ], [ -47.934993274532943, -15.861064292622556 ], [ -47.936625305893344, -15.867059973968924 ], [ -47.936522075094167, -15.869984576125532 ], [ -47.948976761960942, -15.876006605736439 ], [ -47.956093859733798, -15.880061855246009 ], [ -47.956331347345461, -15.88119252414479 ], [ -47.95187303014994, -15.884524445560519 ], [ -47.946074343905515, -15.89510431954869 ], [ -47.9410381979799, -15.896156845742132 ], [ -47.937596394596952, -15.893820839237851 ], [ -47.935158844819583, -15.893028802974758 ], [ -47.923780870567505, -15.88489976656539 ], [ -47.919494325627355, -15.883388002127379 ], [ -47.916201958788555, -15.883433307782433 ], [ -47.90983959317807, -15.882188177903179 ], [ -47.908459644357734, -15.881336494429341 ], [ -47.906088756760973, -15.881336718212344 ], [ -47.90563148284032, -15.88348425373572 ], [ -47.906493724477578, -15.885264037044676 ], [ -47.906122289972217, -15.889402449497394 ], [ -47.905390057912776, -15.890765058566371 ], [ -47.906611154946461, -15.89181253156222 ], [ -47.906309110805225, -15.892530488155277 ], [ -47.907367671162987, -15.894679003232284 ], [ -47.908785971757744, -15.895965385308701 ], [ -47.908346669532662, -15.896995426764205 ], [ -47.910085221322838, -15.898928376386626 ], [ -47.910844687606748, -15.90099647476163 ], [ -47.91109454322325, -15.90500711567557 ], [ -47.913330866783717, -15.908368315510483 ], [ -47.912074697724698, -15.909599135196167 ], [ -47.90921875580711, -15.909911570760089 ], [ -47.909298843309642, -15.910637304378513 ], [ -47.907803257956047, -15.912481641206819 ] ] ], [ [ [ -48.003118886193199, -15.818082952051858 ], [ -48.000312259988078, -15.818167823494129 ], [ -48.00011950488431, -15.820286865094436 ], [ -47.995979777000933, -15.823620544313828 ], [ -47.996578196015655, -15.825477074601439 ], [ -47.996373825695258, -15.826696489287178 ], [ -47.995156964218125, -15.828018700688217 ], [ -47.995390107577073, -15.831223080275008 ], [ -47.993354828773832, -15.833006814575773 ], [ -47.993010933920132, -15.835932892941248 ], [ -47.991589429933072, -15.837958546399797 ], [ -47.991778755269095, -15.839206779674935 ], [ -47.989926566595472, -15.841240836606243 ], [ -47.990232837310131, -15.842638103905792 ], [ -47.989454810035809, -15.844506822463853 ], [ -47.990128293173989, -15.845074929885564 ], [ -47.989645035483747, -15.846245497901792 ], [ -47.988442706052972, -15.847434129838543 ], [ -47.985629833861687, -15.847889827274727 ], [ -47.984786230469943, -15.849483149830146 ], [ -47.985111270584149, -15.850005000249805 ], [ -47.984297553243593, -15.850680089730337 ], [ -47.982488335481591, -15.849944491664294 ], [ -47.981585375009139, -15.850373640767241 ], [ -47.980883307478621, -15.851980069330939 ], [ -47.979544016408049, -15.85300017156672 ], [ -47.979261731609796, -15.854957656324025 ], [ -47.977680038244642, -15.857913978129067 ], [ -47.975600093408836, -15.85921461537607 ], [ -47.973648533098491, -15.85864239910179 ], [ -47.972748193011718, -15.859427642910955 ], [ -47.971933913325799, -15.859309192629947 ], [ -47.971749447875467, -15.861639578261997 ], [ -47.966563551893678, -15.860924936916359 ], [ -47.966301716344553, -15.861589628290956 ], [ -47.963407460381795, -15.86263791577071 ], [ -47.962469178152361, -15.864252406363095 ], [ -47.96060272513035, -15.863397654684857 ], [ -47.960259857949339, -15.863847778896199 ], [ -47.96347130095409, -15.865327502394811 ], [ -47.964015479691952, -15.864728711709065 ], [ -47.964957470166873, -15.865338199899146 ], [ -47.969175226614148, -15.864859848945686 ], [ -47.969456813421417, -15.867214151450334 ], [ -47.975017050856827, -15.866584289363203 ], [ -47.977445430631782, -15.864327000671425 ], [ -47.977919013466412, -15.864740635400526 ], [ -47.977135384297988, -15.866762004144773 ], [ -47.97714264088885, -15.86893608749731 ], [ -47.97895250004796, -15.87336095656747 ], [ -47.98391903013232, -15.875675656207678 ], [ -47.992097244868233, -15.876511181732775 ], [ -47.993872149681337, -15.869001704010314 ], [ -47.991427212159067, -15.868017641578623 ], [ -47.991947484032281, -15.866216616012631 ], [ -47.98654475540215, -15.864780642279264 ], [ -47.986659948167663, -15.864370723261368 ], [ -47.990560266942985, -15.859868925676793 ], [ -47.990883182541538, -15.860187132956455 ], [ -47.994561506948905, -15.856597060869463 ], [ -47.995211478481146, -15.856704199519021 ], [ -47.996463391322344, -15.855366185929602 ], [ -47.996089218752005, -15.855008523061663 ], [ -48.000644679762338, -15.85041966591044 ], [ -47.99875671658085, -15.848650916255925 ], [ -47.999866921084298, -15.846424755010354 ], [ -48.001951257783517, -15.848312397510631 ], [ -48.006407219596369, -15.850212328865826 ], [ -48.010885139828012, -15.841126605905638 ], [ -48.00362584144063, -15.83805953829369 ], [ -48.005291102381719, -15.83431293769261 ], [ -48.007843960807278, -15.835376534851402 ], [ -48.008625018997357, -15.834402786323839 ], [ -48.013655280059545, -15.822199899806181 ], [ -48.011151497496279, -15.821154098066286 ], [ -48.010724159034162, -15.82208088232459 ], [ -48.003827952498092, -15.819124890726647 ], [ -48.003118886193199, -15.818082952051858 ] ] ] ] } },
{ "type": "Feature", "properties": { "RA": "Planaltina", "RS": "Norte", "Macro": "Macrorregião 3" }, "geometry": { "type": "Polygon", "coordinates": [ [ [ -47.369618990555317, -15.845046641735602 ], [ -47.372274997135051, -15.846300362790911 ], [ -47.373125725963632, -15.845851115456046 ], [ -47.372740541844529, -15.845012953304026 ], [ -47.373701609841142, -15.844582184555694 ], [ -47.375253467460759, -15.846058577965835 ], [ -47.375372882308106, -15.845392586680971 ], [ -47.377394877723255, -15.846810262122347 ], [ -47.377655567022074, -15.846132241368782 ], [ -47.378556251163594, -15.847215703248155 ], [ -47.379039027356853, -15.846324136304105 ], [ -47.380107278739892, -15.847082806317347 ], [ -47.380830583342039, -15.846445738082771 ], [ -47.380341431805228, -15.845454742895564 ], [ -47.38251095125127, -15.845416378448878 ], [ -47.382357147996522, -15.846619829834667 ], [ -47.383275961038798, -15.847105056200077 ], [ -47.385290977442502, -15.845994553583251 ], [ -47.387101526507756, -15.856874481968438 ], [ -47.423020249918238, -15.864152170703877 ], [ -47.453202940982109, -15.857685880324388 ], [ -47.456051209490525, -15.858369276866433 ], [ -47.463597401033567, -15.862742211756364 ], [ -47.467199950750086, -15.863060422278979 ], [ -47.517428552768962, -15.853114402461078 ], [ -47.520443899835399, -15.853760083319472 ], [ -47.55347963754668, -15.871564350075097 ], [ -47.556092590569797, -15.872361147954448 ], [ -47.558151406131799, -15.872253509553998 ], [ -47.603080165366684, -15.85889646964297 ], [ -47.605915869139217, -15.858982787759746 ], [ -47.621052187029221, -15.863046439324846 ], [ -47.642194353447955, -15.788972424636286 ], [ -47.664287528528739, -15.749015741436514 ], [ -47.664351573916925, -15.745723985702417 ], [ -47.660456374640404, -15.727425204627439 ], [ -47.662756196515041, -15.726956354990076 ], [ -47.664711468664152, -15.727324870965077 ], [ -47.670300479138113, -15.730737785637096 ], [ -47.673756792109522, -15.734059210879046 ], [ -47.675784225925398, -15.734244292153033 ], [ -47.674521473113657, -15.733141628884741 ], [ -47.675864617956805, -15.732278925552368 ], [ -47.674608423744964, -15.731175848693505 ], [ -47.675494675553125, -15.730509188330773 ], [ -47.673648039366284, -15.728988290946289 ], [ -47.674550931566777, -15.727605228351111 ], [ -47.675404981466954, -15.727651614291677 ], [ -47.676745466398536, -15.725463094293914 ], [ -47.676114146586535, -15.723642574469 ], [ -47.674551644829116, -15.723062130574581 ], [ -47.674614926649298, -15.722349411882561 ], [ -47.673892187985778, -15.722062565411637 ], [ -47.676615760451298, -15.722548118589739 ], [ -47.676495974599739, -15.721274449999111 ], [ -47.675067645213147, -15.720605149221059 ], [ -47.676195645342375, -15.719232412333714 ], [ -47.675713066778485, -15.71750034327774 ], [ -47.673948754899222, -15.717339617378972 ], [ -47.673783790077074, -15.716541547928564 ], [ -47.675081516997771, -15.715873902255177 ], [ -47.675889806717365, -15.714073834269811 ], [ -47.674374164678426, -15.711524605161911 ], [ -47.67285620139279, -15.71063704100755 ], [ -47.674116614093208, -15.708936494683263 ], [ -47.674555689942835, -15.709926479632067 ], [ -47.67471334068194, -15.708838775600357 ], [ -47.676599425486167, -15.707092422071501 ], [ -47.678096343041325, -15.707250999320877 ], [ -47.680211874637116, -15.705247359892894 ], [ -47.681819007392804, -15.705098908512095 ], [ -47.684260143244792, -15.703717881054358 ], [ -47.689915019992014, -15.70307909196012 ], [ -47.691211251217759, -15.701964728742832 ], [ -47.692678280925094, -15.701945518244138 ], [ -47.692679057069505, -15.701257126721067 ], [ -47.69784137586835, -15.699262545988473 ], [ -47.701383415965644, -15.69919347755342 ], [ -47.704301694675728, -15.700418234564218 ], [ -47.704877630655531, -15.699860420326926 ], [ -47.70947710641984, -15.700344336617002 ], [ -47.714904321327985, -15.698242495201736 ], [ -47.715663736407926, -15.698482065948658 ], [ -47.716813861144281, -15.697322504145523 ], [ -47.718787590977527, -15.697832671712952 ], [ -47.721745506951216, -15.696885215778241 ], [ -47.729216743965267, -15.698650738730107 ], [ -47.731384486543675, -15.698503213941597 ], [ -47.7395341492266, -15.691678365839445 ], [ -47.741271010387408, -15.689135584244047 ], [ -47.746624373897731, -15.685748483138397 ], [ -47.74686211393599, -15.680727672359341 ], [ -47.745570677018911, -15.677757275189965 ], [ -47.744349121844429, -15.676217183698729 ], [ -47.742125150119115, -15.67527498287264 ], [ -47.740931798451285, -15.675453966344188 ], [ -47.740203957356947, -15.674688306231147 ], [ -47.744297651971905, -15.671430247000108 ], [ -47.737880343602008, -15.664603311962654 ], [ -47.753005154073222, -15.639614790895685 ], [ -47.759768762086836, -15.62492401668989 ], [ -47.759471877868584, -15.621046588153121 ], [ -47.760613979751135, -15.61736539156218 ], [ -47.773457850036664, -15.608987681854527 ], [ -47.781175683579363, -15.600810607687166 ], [ -47.780490935567521, -15.593358912801191 ], [ -47.77289549029576, -15.594006008397884 ], [ -47.763227813123237, -15.591410625070063 ], [ -47.764552247855633, -15.589756289142253 ], [ -47.767532133027913, -15.589904845885524 ], [ -47.768874696661058, -15.589577839029232 ], [ -47.769171210773408, -15.588813456762544 ], [ -47.764605459561487, -15.587626977568798 ], [ -47.765789767889352, -15.585538406615621 ], [ -47.765647692140647, -15.582328620424477 ], [ -47.764637459348549, -15.580530422685451 ], [ -47.761023966355239, -15.579480772181439 ], [ -47.760228599799305, -15.578008129368849 ], [ -47.76067749782824, -15.574625676976714 ], [ -47.760101243844844, -15.573009946182479 ], [ -47.763189100226057, -15.571418659910224 ], [ -47.762332435330094, -15.567807937741293 ], [ -47.763855556742094, -15.566338041056657 ], [ -47.764255742726426, -15.565018264538208 ], [ -47.765722145409711, -15.565172910602163 ], [ -47.766758397904013, -15.564551825586312 ], [ -47.766385188327654, -15.563744157581919 ], [ -47.766990637557797, -15.563395271292944 ], [ -47.767283624884342, -15.561055465031012 ], [ -47.766020659171886, -15.558623318457885 ], [ -47.764230342861772, -15.558077643694409 ], [ -47.763530983751835, -15.559310978910643 ], [ -47.759383003944265, -15.556759445476779 ], [ -47.758587777525513, -15.555303646167674 ], [ -47.756143562248738, -15.554259287871414 ], [ -47.755214777906822, -15.552594340595915 ], [ -47.755540263585402, -15.551660357280154 ], [ -47.75471040621413, -15.55080495085495 ], [ -47.756582271585735, -15.54887745791561 ], [ -47.756361593249665, -15.546451304353107 ], [ -47.754862865589203, -15.543867476151295 ], [ -47.753381364920955, -15.543972579306841 ], [ -47.75304184216774, -15.542007438624944 ], [ -47.751967174118619, -15.542839501942021 ], [ -47.751699964847468, -15.541414639981722 ], [ -47.752192938715829, -15.540969538555238 ], [ -47.750050190861877, -15.539046133843565 ], [ -47.751648192242698, -15.537257041833218 ], [ -47.750837870533921, -15.535859998046408 ], [ -47.75148420388927, -15.535766477120232 ], [ -47.751194919418325, -15.534959336665738 ], [ -47.752316863105904, -15.534246287670312 ], [ -47.752385420731756, -15.533366625021776 ], [ -47.753219802917101, -15.533455354743218 ], [ -47.753107979732221, -15.532295712485521 ], [ -47.754184960943199, -15.532265736461587 ], [ -47.753787536380038, -15.531886305781258 ], [ -47.75443079390385, -15.531072998062522 ], [ -47.753715092642267, -15.529637390683147 ], [ -47.754682769544409, -15.529561295910717 ], [ -47.755255034109645, -15.528673919631609 ], [ -47.755932992654564, -15.529221038083943 ], [ -47.756793682901325, -15.528335818960215 ], [ -47.758768728766462, -15.530831806965322 ], [ -47.7599266634559, -15.528665458271604 ], [ -47.759319375374375, -15.527657544745901 ], [ -47.759731769463428, -15.527471709745994 ], [ -47.76016839830222, -15.528458649923001 ], [ -47.760210552645248, -15.526875647789455 ], [ -47.760761839751964, -15.527561811270305 ], [ -47.761975070238705, -15.527267110762848 ], [ -47.761632188684644, -15.528146690379897 ], [ -47.762702597821011, -15.528630054885079 ], [ -47.763696546851961, -15.527979796140869 ], [ -47.764031704691206, -15.526142287905518 ], [ -47.763589379635206, -15.525429979610427 ], [ -47.764143925829757, -15.52521276165117 ], [ -47.763103770155539, -15.523984788598964 ], [ -47.762753904200146, -15.524804832209107 ], [ -47.761957871992593, -15.5243625962135 ], [ -47.761578671551604, -15.520455079362909 ], [ -47.762146058264833, -15.520963466078893 ], [ -47.762226561687335, -15.519931072357325 ], [ -47.763871597958115, -15.520395622430179 ], [ -47.764352488587591, -15.519549152997396 ], [ -47.765825573838256, -15.521676354138664 ], [ -47.765705761037239, -15.520337134040503 ], [ -47.767952894025527, -15.520872405232311 ], [ -47.766906630705691, -15.519223073893498 ], [ -47.768258268221523, -15.518968036353694 ], [ -47.768466884878265, -15.517215969816551 ], [ -47.770033880907064, -15.51713533572938 ], [ -47.770786104973148, -15.515656120457606 ], [ -47.772091219638739, -15.51605931077976 ], [ -47.772447438479823, -15.515501534168257 ], [ -47.771768945437302, -15.514703293090106 ], [ -47.774239207365738, -15.514924070132366 ], [ -47.77301886940846, -15.513914112472166 ], [ -47.773167998728781, -15.514677135190425 ], [ -47.771220607499664, -15.514257383543042 ], [ -47.772510650231425, -15.511143792235268 ], [ -47.770998596962031, -15.510396592616168 ], [ -47.771689621502759, -15.509745660962883 ], [ -47.771485501812329, -15.508470213334206 ], [ -47.770999511446995, -15.508294562258472 ], [ -47.771148359594626, -15.509120249644203 ], [ -47.77015078047161, -15.508640384963524 ], [ -47.771027378085421, -15.503325701378406 ], [ -47.772066047047844, -15.502370222802487 ], [ -47.418406916742349, -15.501819582738488 ], [ -47.41840690955582, -15.545077397668113 ], [ -47.41724120264255, -15.546228279742298 ], [ -47.416087066030144, -15.546306130416001 ], [ -47.414031655981368, -15.548223243950254 ], [ -47.412142312089287, -15.547120694355234 ], [ -47.408244422358493, -15.547894709938145 ], [ -47.406943421078594, -15.546818179130735 ], [ -47.405740425097875, -15.546717167534235 ], [ -47.402287901220326, -15.547773519324643 ], [ -47.402163735183443, -15.549269376721728 ], [ -47.402845080376991, -15.549635788663414 ], [ -47.4012892692718, -15.550350998171318 ], [ -47.400645657811765, -15.55154385777003 ], [ -47.399130126265604, -15.550920738534071 ], [ -47.398139819903129, -15.553297611738994 ], [ -47.399137299313146, -15.553529865313275 ], [ -47.399446064649339, -15.557105460355945 ], [ -47.396904777422961, -15.557574826537092 ], [ -47.39583522977096, -15.558511162861462 ], [ -47.395239164342286, -15.557863228572655 ], [ -47.393788603449039, -15.558245740687406 ], [ -47.394208459843163, -15.558949771377593 ], [ -47.393497551991935, -15.561715368791253 ], [ -47.39143538391729, -15.562526029461472 ], [ -47.390120503666246, -15.566311031268972 ], [ -47.390836780747925, -15.566711040046647 ], [ -47.389451291118924, -15.56744918111778 ], [ -47.38820385098952, -15.567523866929839 ], [ -47.386711508554107, -15.566639317811708 ], [ -47.386208724184527, -15.567082969637738 ], [ -47.385488278919922, -15.566199329853804 ], [ -47.384476105766808, -15.567379487546573 ], [ -47.383660724746349, -15.56682494612982 ], [ -47.380646876968122, -15.566691588396786 ], [ -47.380092139432413, -15.567639215117898 ], [ -47.380481657922758, -15.568549138236241 ], [ -47.379457879434476, -15.569166083444753 ], [ -47.37927481715262, -15.573490055555258 ], [ -47.376829753866218, -15.576558537712835 ], [ -47.374999921565085, -15.577223093871693 ], [ -47.374172166251576, -15.576541826605622 ], [ -47.373058845492409, -15.577537044569899 ], [ -47.37264908256882, -15.577103972207617 ], [ -47.37032111108644, -15.578314849160943 ], [ -47.370010889581174, -15.577866537611465 ], [ -47.368539779725808, -15.579304633040366 ], [ -47.365987580663671, -15.578079959263594 ], [ -47.362056906018267, -15.577711745337538 ], [ -47.361414712998062, -15.58013567157928 ], [ -47.359766856915606, -15.579318498781053 ], [ -47.359398030219509, -15.580288849095716 ], [ -47.358263174148043, -15.580126860154284 ], [ -47.357339624289281, -15.580768410168561 ], [ -47.356819731505112, -15.579649950622818 ], [ -47.356034419792159, -15.579577904949405 ], [ -47.353680815781459, -15.579966184622808 ], [ -47.353464343357551, -15.580580359470982 ], [ -47.350453928940347, -15.58014997337877 ], [ -47.34967881759745, -15.580629867918264 ], [ -47.349094149094782, -15.579103966489626 ], [ -47.347711681398394, -15.579499098583527 ], [ -47.347038483924464, -15.579014977815055 ], [ -47.344637149727781, -15.581292363605669 ], [ -47.341533357233416, -15.582432799695953 ], [ -47.340582083568357, -15.583681057034449 ], [ -47.336279714804476, -15.585782054174453 ], [ -47.33511652497063, -15.587349407287018 ], [ -47.331861736456794, -15.587233025770743 ], [ -47.33012238786096, -15.585976820762006 ], [ -47.32773935324493, -15.588991410874785 ], [ -47.325648763373003, -15.588600873460331 ], [ -47.3252950939507, -15.589058972014767 ], [ -47.325171555836199, -15.588356898711186 ], [ -47.324458492926603, -15.588973716966684 ], [ -47.324882884016276, -15.587750121853576 ], [ -47.323919142633379, -15.587146864018791 ], [ -47.323603391099219, -15.587500391140951 ], [ -47.322825849813476, -15.586205240572379 ], [ -47.321912852464358, -15.586166350478548 ], [ -47.321465510317481, -15.586916869582909 ], [ -47.320814270364053, -15.58632077036895 ], [ -47.320486173282944, -15.586942007660902 ], [ -47.318668576035975, -15.587100079306724 ], [ -47.318606046105671, -15.588534215513592 ], [ -47.317096133521609, -15.590644494006904 ], [ -47.317360174434754, -15.593515955915544 ], [ -47.316168251088229, -15.594186994165703 ], [ -47.315811669327772, -15.596896797672056 ], [ -47.317922597057731, -15.597032892443861 ], [ -47.317998484936304, -15.597800155617515 ], [ -47.319794634905861, -15.597363661579934 ], [ -47.320494169187285, -15.598154700078281 ], [ -47.321588852599248, -15.598041190334975 ], [ -47.321853933761496, -15.598734103221114 ], [ -47.322603676680778, -15.598535138526584 ], [ -47.322990839788446, -15.601050215583163 ], [ -47.323661215654063, -15.60096182303749 ], [ -47.322878012287077, -15.603233306087537 ], [ -47.323652782270173, -15.603840969872069 ], [ -47.323156261853079, -15.604435108703777 ], [ -47.324425577756266, -15.606059380082735 ], [ -47.324032569311051, -15.606493088724386 ], [ -47.324767793658701, -15.606420371560375 ], [ -47.325305359897762, -15.607320486363886 ], [ -47.325447488647079, -15.607929929850091 ], [ -47.324848527948234, -15.608033423877114 ], [ -47.325124046635764, -15.609649616234446 ], [ -47.325654703931974, -15.610474120957372 ], [ -47.32623324322946, -15.610255378378309 ], [ -47.326049853062521, -15.611080239714111 ], [ -47.326705213588163, -15.610987817168661 ], [ -47.327611133111162, -15.61291900668845 ], [ -47.328726078922671, -15.613276233859386 ], [ -47.327762563016918, -15.613441075051664 ], [ -47.328427345971569, -15.61427500346233 ], [ -47.32789845027164, -15.6145164730319 ], [ -47.328483410726768, -15.614499238995736 ], [ -47.329192755509403, -15.615973045793591 ], [ -47.328397874043731, -15.617397923810008 ], [ -47.328854026866914, -15.618355642045744 ], [ -47.329609103982342, -15.617820198891431 ], [ -47.330649515676427, -15.620322411033134 ], [ -47.33045950672247, -15.621452258137964 ], [ -47.331102599854596, -15.622519479281488 ], [ -47.330079681952355, -15.623553691243181 ], [ -47.331450900944752, -15.625733778104509 ], [ -47.331042939143309, -15.626390575870831 ], [ -47.332232703838216, -15.626895056832241 ], [ -47.332106732187597, -15.627886456837579 ], [ -47.332643746861081, -15.628080640162983 ], [ -47.331852590708884, -15.628206073451244 ], [ -47.332874506091265, -15.628693407069491 ], [ -47.332764548707225, -15.629450528730008 ], [ -47.333930806287768, -15.629623105600222 ], [ -47.333231392380597, -15.630992298696508 ], [ -47.333741264457764, -15.631451793981748 ], [ -47.332878581747707, -15.631426735756774 ], [ -47.333236620575555, -15.632826947398843 ], [ -47.332564308840503, -15.633025386579751 ], [ -47.331777735892892, -15.635236906334105 ], [ -47.330760887008715, -15.635751818177292 ], [ -47.331612269810819, -15.636750647765721 ], [ -47.330786745912484, -15.637161129290307 ], [ -47.331323311428321, -15.638107591488154 ], [ -47.329522687848645, -15.639707059522884 ], [ -47.330480092515529, -15.641378521746237 ], [ -47.329395313029565, -15.642097771500346 ], [ -47.329954749652536, -15.642653881953775 ], [ -47.329244854202628, -15.64298399702129 ], [ -47.329808073631256, -15.643787411153131 ], [ -47.329372038578867, -15.644325267339998 ], [ -47.330453547298873, -15.645251542011236 ], [ -47.330846803679115, -15.64444489493385 ], [ -47.331008060255769, -15.645259039248574 ], [ -47.330383856897456, -15.646034572340218 ], [ -47.329078466449069, -15.645513862111569 ], [ -47.327848070953863, -15.647271219652907 ], [ -47.327304301847768, -15.647031356127901 ], [ -47.327529191485887, -15.648225268025341 ], [ -47.326959701816577, -15.64919463657046 ], [ -47.328502072328476, -15.649383271369683 ], [ -47.327748752317738, -15.65047299029442 ], [ -47.328620350807, -15.650170612671563 ], [ -47.329202506721813, -15.650696720815699 ], [ -47.328776872363797, -15.651591220925408 ], [ -47.328105075363389, -15.651340124298036 ], [ -47.327974602254898, -15.652086556371117 ], [ -47.327106164937128, -15.651892625047749 ], [ -47.326609922099451, -15.652682295651994 ], [ -47.327280600697314, -15.654605448025571 ], [ -47.328605251923705, -15.654777313418533 ], [ -47.32891298689227, -15.6559870456902 ], [ -47.329613229046132, -15.655774318416128 ], [ -47.32907982290515, -15.656410254937198 ], [ -47.328169680401999, -15.656116314524178 ], [ -47.329252820462564, -15.656959858133122 ], [ -47.32807124301317, -15.65775722305543 ], [ -47.329652529441496, -15.657395538395859 ], [ -47.329769567346602, -15.657855204471868 ], [ -47.327803245919512, -15.659107651708684 ], [ -47.32783067867166, -15.66051233262184 ], [ -47.328617314501344, -15.661276235499617 ], [ -47.32741033898391, -15.660843494015685 ], [ -47.32675674095286, -15.661469968494345 ], [ -47.327111877324022, -15.663466639867549 ], [ -47.328655620461689, -15.663637984026627 ], [ -47.327509408786703, -15.66423612880792 ], [ -47.328128172845979, -15.665314589974551 ], [ -47.326888372888071, -15.664848887758419 ], [ -47.326508226521078, -15.665572067446154 ], [ -47.326879909859777, -15.666045758372368 ], [ -47.32761560851791, -15.66562110818364 ], [ -47.328665677101291, -15.666886539027464 ], [ -47.327162743528667, -15.66766173924576 ], [ -47.326112360534943, -15.669366447499897 ], [ -47.327799459520584, -15.670940984362282 ], [ -47.326769342519661, -15.671609078155855 ], [ -47.327757001546999, -15.672708248012409 ], [ -47.327198623139431, -15.675282614798872 ], [ -47.328283626305904, -15.675889520677995 ], [ -47.328457201480035, -15.676879980887724 ], [ -47.327882978587496, -15.67755743418045 ], [ -47.329128826902213, -15.676997187605327 ], [ -47.328572555942308, -15.678646016882471 ], [ -47.327890537012301, -15.678562652592863 ], [ -47.32903187083528, -15.678971670664218 ], [ -47.328982140999472, -15.679911159444396 ], [ -47.330023434839156, -15.679852138758118 ], [ -47.330279801444824, -15.680507873615879 ], [ -47.330700055792626, -15.679696306974181 ], [ -47.331778866871836, -15.680264023067112 ], [ -47.33166029823748, -15.683068604195809 ], [ -47.331376681237664, -15.68363285661678 ], [ -47.329831525050061, -15.684015959987761 ], [ -47.32967701751614, -15.6835984417023 ], [ -47.329157822722955, -15.684747578607944 ], [ -47.328696205447905, -15.684197503586946 ], [ -47.329170162880011, -15.683367152777089 ], [ -47.328135044059586, -15.683337529205218 ], [ -47.328376999891475, -15.68604136988526 ], [ -47.327689853377827, -15.687330329665189 ], [ -47.329810405657732, -15.687927532404103 ], [ -47.328143454985593, -15.688895865005698 ], [ -47.327763615842436, -15.688471542556531 ], [ -47.32582246161634, -15.688962745405128 ], [ -47.32560973516717, -15.68844931332597 ], [ -47.323215524610681, -15.689440429536257 ], [ -47.322770840578734, -15.688621887091292 ], [ -47.32173399519634, -15.689128027212673 ], [ -47.321324083152412, -15.68676177356328 ], [ -47.320961181743932, -15.687707541634975 ], [ -47.320288060626815, -15.687151228610047 ], [ -47.320363184937399, -15.687940461939739 ], [ -47.319469449264595, -15.688238212918963 ], [ -47.319741796000855, -15.689029352490898 ], [ -47.318458156460451, -15.689180672161498 ], [ -47.318492511630168, -15.690234721984103 ], [ -47.317802317132774, -15.690261922996887 ], [ -47.31767781692259, -15.691583924860872 ], [ -47.318431134238388, -15.692282177013237 ], [ -47.316790025402028, -15.691970995864736 ], [ -47.317598395071691, -15.693251342527777 ], [ -47.316482606640442, -15.693573924479702 ], [ -47.315900668117919, -15.695124289629936 ], [ -47.314829043560977, -15.694402256754458 ], [ -47.313489520725064, -15.694910596476003 ], [ -47.313868570249092, -15.696008233766552 ], [ -47.31285802035169, -15.696038268881088 ], [ -47.312494371544901, -15.697273820409134 ], [ -47.313793256393993, -15.69831860954862 ], [ -47.31303322596807, -15.699891770236507 ], [ -47.314290875450681, -15.700577136117843 ], [ -47.313522064891174, -15.701567121035799 ], [ -47.314421707885288, -15.702391859626077 ], [ -47.314416721337153, -15.703451656838437 ], [ -47.313503359272012, -15.703579726425565 ], [ -47.314321144184184, -15.704151535646112 ], [ -47.313888758088474, -15.704766619476489 ], [ -47.314851620020697, -15.704900780611794 ], [ -47.313306689310238, -15.70617369721379 ], [ -47.314634476555277, -15.706154210384005 ], [ -47.313003368662976, -15.706991669352059 ], [ -47.313783262636449, -15.707332733035312 ], [ -47.313561703053097, -15.707901635618585 ], [ -47.314157163017271, -15.707792238217385 ], [ -47.313950962828635, -15.709488607788492 ], [ -47.314639260982482, -15.709068540458684 ], [ -47.315529480649268, -15.709951610379679 ], [ -47.315013916846453, -15.710554730097137 ], [ -47.31409595361044, -15.710280623906463 ], [ -47.313835074767091, -15.711038205908023 ], [ -47.315108422309287, -15.7118298121622 ], [ -47.315016951355481, -15.712819062715063 ], [ -47.315976736557872, -15.712952175664006 ], [ -47.315385139349409, -15.713442397702464 ], [ -47.315246521216238, -15.715366278945478 ], [ -47.315971008001299, -15.716301340356038 ], [ -47.316887329116966, -15.716072970688181 ], [ -47.317784239435987, -15.717168784414698 ], [ -47.318550149335437, -15.71696490051427 ], [ -47.318778928678732, -15.718120051983805 ], [ -47.319697834247478, -15.717797089498257 ], [ -47.319420674337927, -15.719208792531083 ], [ -47.320905577824476, -15.718609503219723 ], [ -47.320265185926417, -15.720516349205564 ], [ -47.321054974842738, -15.72132365893207 ], [ -47.320814758149254, -15.722998558479819 ], [ -47.319786471914881, -15.723130626265608 ], [ -47.319465374506464, -15.723915891359722 ], [ -47.318930200481006, -15.72365432661084 ], [ -47.318109763742129, -15.724926792217193 ], [ -47.319493666048025, -15.726679016198469 ], [ -47.318446519684258, -15.726714573007047 ], [ -47.317971285746125, -15.727721568887471 ], [ -47.318845332144541, -15.728222013067599 ], [ -47.317790613881243, -15.728743064768853 ], [ -47.317445022109979, -15.729659905691626 ], [ -47.317933875406119, -15.731014644192461 ], [ -47.317031430566644, -15.731406033644541 ], [ -47.318490706016455, -15.731813843208636 ], [ -47.318253648697812, -15.732950654808901 ], [ -47.319281078837719, -15.732164447514844 ], [ -47.319288173731827, -15.73537990819093 ], [ -47.317676067902738, -15.734187079635102 ], [ -47.317498647040864, -15.73588953079306 ], [ -47.316717062438023, -15.735556091017799 ], [ -47.31726932960671, -15.736805617523528 ], [ -47.315605722464056, -15.736289443196373 ], [ -47.315478920770133, -15.737201703810543 ], [ -47.314645064997535, -15.737133151467587 ], [ -47.313645603904007, -15.738105333830124 ], [ -47.314598102871109, -15.738999250846852 ], [ -47.314108004509983, -15.739727845506575 ], [ -47.314961624117139, -15.740032440416153 ], [ -47.313493313412202, -15.740372455272636 ], [ -47.314160661056981, -15.741558580424249 ], [ -47.313049648968104, -15.742111884665309 ], [ -47.313449200741857, -15.742693809760731 ], [ -47.315241247207204, -15.742830287283205 ], [ -47.313673496593566, -15.744881863332752 ], [ -47.314412431881664, -15.745219407671764 ], [ -47.314247361956632, -15.746527030581445 ], [ -47.314883967455764, -15.746402433465505 ], [ -47.31449589704966, -15.747884658575272 ], [ -47.316206205807305, -15.747705767273098 ], [ -47.316457076520066, -15.745954148130668 ], [ -47.317366138349932, -15.74747613336967 ], [ -47.317092530379014, -15.748320711678756 ], [ -47.319034387985973, -15.749645735250112 ], [ -47.317912502688891, -15.750620027871177 ], [ -47.318632044248311, -15.751042438023699 ], [ -47.318434210069924, -15.752243867918112 ], [ -47.319073240122016, -15.75189178695851 ], [ -47.320034720445328, -15.753269090533356 ], [ -47.319418944182694, -15.754716263503465 ], [ -47.320372575925369, -15.75543807981505 ], [ -47.322588424185568, -15.754450958481788 ], [ -47.322142840041707, -15.755612788462008 ], [ -47.3210521038271, -15.755957317066484 ], [ -47.321185150608883, -15.757119317392183 ], [ -47.322850031562609, -15.758557496658085 ], [ -47.32372811948148, -15.758040181042599 ], [ -47.324610505838969, -15.759904823577687 ], [ -47.323956730839811, -15.760843712401371 ], [ -47.324340016818716, -15.761971893460389 ], [ -47.325972823425232, -15.761017560501195 ], [ -47.325396032249287, -15.762004343864614 ], [ -47.326251630845015, -15.762505317448737 ], [ -47.325697215804482, -15.76307761633969 ], [ -47.326350724004001, -15.763115035034975 ], [ -47.327009652637948, -15.764267045411151 ], [ -47.326420360506511, -15.765215467042561 ], [ -47.327322693954898, -15.76536351749643 ], [ -47.326547031944735, -15.766328067652909 ], [ -47.328294565989431, -15.765657807771975 ], [ -47.328635871898477, -15.766925927290171 ], [ -47.329341903694342, -15.766981388588967 ], [ -47.329859162618092, -15.7692400622389 ], [ -47.328336281954591, -15.769668537053192 ], [ -47.328931389779179, -15.770280831810467 ], [ -47.327469260381704, -15.772190007806634 ], [ -47.328546461679935, -15.772275073973624 ], [ -47.328808818251922, -15.773495347670782 ], [ -47.329496616044153, -15.772578403728035 ], [ -47.329833469004335, -15.7732441047719 ], [ -47.329063769112707, -15.7741458679355 ], [ -47.33136129758843, -15.773663793123708 ], [ -47.331332893757455, -15.774448308796076 ], [ -47.330277288856976, -15.775120953267839 ], [ -47.331078273476699, -15.775425572892853 ], [ -47.330921653105221, -15.780111983027933 ], [ -47.331575588902822, -15.779295406435844 ], [ -47.332641427411012, -15.780143726860352 ], [ -47.332972196081776, -15.781562509699308 ], [ -47.334120714630409, -15.781151897188941 ], [ -47.334593937240619, -15.782016423505151 ], [ -47.336226784271311, -15.781404332746749 ], [ -47.336740730208284, -15.782595065142344 ], [ -47.336500809060524, -15.783315062032859 ], [ -47.335536110971852, -15.783578303055586 ], [ -47.336006449990002, -15.784108769157424 ], [ -47.335286046946209, -15.785350669025732 ], [ -47.336657649519239, -15.784694380856267 ], [ -47.336824397497217, -15.786187212129407 ], [ -47.337126393129438, -15.785035309827398 ], [ -47.337673123082709, -15.784963548412396 ], [ -47.337433332190663, -15.786764158811572 ], [ -47.339083531079375, -15.788274713708219 ], [ -47.338730080846005, -15.790665665900972 ], [ -47.340068123258327, -15.790723537610312 ], [ -47.338849249554968, -15.791354030352901 ], [ -47.339948480238903, -15.792588633445385 ], [ -47.33917707803981, -15.792983270188456 ], [ -47.340054922515236, -15.794534754667097 ], [ -47.339477346211737, -15.794996667930391 ], [ -47.340271842300155, -15.795071942155591 ], [ -47.340635764194793, -15.794285761945257 ], [ -47.341226839482069, -15.795495112042355 ], [ -47.341367446485286, -15.794090446457593 ], [ -47.341665484140357, -15.795016676114862 ], [ -47.342445918899628, -15.794954032433626 ], [ -47.342118438062805, -15.795606954268768 ], [ -47.342666946680346, -15.796522608959515 ], [ -47.342010151545203, -15.79811917675991 ], [ -47.344081362061495, -15.795960891271392 ], [ -47.344515006696923, -15.797263006024258 ], [ -47.345185272069749, -15.797290555758901 ], [ -47.344879617599382, -15.798719467500087 ], [ -47.346012288968083, -15.79797990038238 ], [ -47.34464333642515, -15.800117257724594 ], [ -47.34509338250102, -15.801818044236173 ], [ -47.345518008949298, -15.80066987241621 ], [ -47.34596021991927, -15.801014716897354 ], [ -47.345511797997425, -15.802960626627343 ], [ -47.346744588401172, -15.803988116778457 ], [ -47.347546000618962, -15.802826730782778 ], [ -47.347894375370977, -15.804007796482784 ], [ -47.348668661162144, -15.803383712608243 ], [ -47.349605091065456, -15.803877585227134 ], [ -47.349497797186231, -15.805444761522475 ], [ -47.348078097016256, -15.805901919310102 ], [ -47.349388624929752, -15.806204336109179 ], [ -47.348490362646238, -15.806822552749976 ], [ -47.348458096059545, -15.808141236198324 ], [ -47.348907029122778, -15.808501584562492 ], [ -47.349308338001237, -15.807798030549137 ], [ -47.350249713130175, -15.80780861873631 ], [ -47.350076923083599, -15.810237601651432 ], [ -47.351096748984624, -15.810612757438591 ], [ -47.351018741980297, -15.811480664576836 ], [ -47.35169368128755, -15.811248095032846 ], [ -47.353026708405643, -15.813782835047258 ], [ -47.35213240859084, -15.814671729651421 ], [ -47.352834839040739, -15.81508762860506 ], [ -47.354411111073148, -15.814027348242739 ], [ -47.354610468794263, -15.815634039900504 ], [ -47.355231853239225, -15.816060430421423 ], [ -47.353058114406295, -15.816940961530525 ], [ -47.352966970439248, -15.818145195319255 ], [ -47.3534343414237, -15.818444419257414 ], [ -47.355177001209668, -15.817037531784809 ], [ -47.356168122344108, -15.818804510723842 ], [ -47.354838250109289, -15.82037604322362 ], [ -47.356966442560683, -15.819746988308141 ], [ -47.355833719988013, -15.821162370999888 ], [ -47.354589565895921, -15.821449731639831 ], [ -47.355394286608906, -15.823427524995498 ], [ -47.357991146313701, -15.822053725755639 ], [ -47.358184845546845, -15.822722726480363 ], [ -47.357100375081345, -15.823000047191213 ], [ -47.357094203655343, -15.823816130339832 ], [ -47.358353190729403, -15.824010857953967 ], [ -47.359383671548017, -15.823492120902177 ], [ -47.359533364112011, -15.822905596399501 ], [ -47.358780690888274, -15.82286028925096 ], [ -47.359892590512665, -15.821500880795268 ], [ -47.360678734065573, -15.821434136507728 ], [ -47.36033679664088, -15.823672995380981 ], [ -47.363040069875922, -15.8248691548329 ], [ -47.362293660604657, -15.827388433664964 ], [ -47.364152133891999, -15.827930938988677 ], [ -47.366264976830145, -15.827360964083287 ], [ -47.36737047056824, -15.828385999399492 ], [ -47.366700171059428, -15.830115630132589 ], [ -47.365926828499312, -15.830314853532915 ], [ -47.365862247715235, -15.831924444048013 ], [ -47.366600939559881, -15.831842171098618 ], [ -47.365646076226945, -15.832968804693035 ], [ -47.366572272522539, -15.833503993139402 ], [ -47.364886307210782, -15.834054750129084 ], [ -47.366288742659307, -15.834610621842476 ], [ -47.366164537096537, -15.835162984137639 ], [ -47.36539494410443, -15.835154465473035 ], [ -47.366047844144504, -15.837533717905535 ], [ -47.367072831765157, -15.835569236821945 ], [ -47.368033374247318, -15.835669422726502 ], [ -47.367830385535832, -15.837460501621631 ], [ -47.366867802979648, -15.837406810527446 ], [ -47.366952910267983, -15.838564232557276 ], [ -47.367524141770637, -15.83905221695867 ], [ -47.368153793411153, -15.838122824562575 ], [ -47.367989579580581, -15.840130085681986 ], [ -47.370397916144917, -15.841359326011711 ], [ -47.368782648246018, -15.841591637948419 ], [ -47.368270779213972, -15.842377088971832 ], [ -47.369618990555317, -15.845046641735602 ] ], [ [ -47.600559336372584, -15.622300046205565 ], [ -47.616991427347536, -15.622901967868406 ], [ -47.626706811349855, -15.626496737233264 ], [ -47.626823166535338, -15.629876163232963 ], [ -47.628414166446845, -15.630876361514378 ], [ -47.63139272390913, -15.63107973015245 ], [ -47.636879395610983, -15.629942568976855 ], [ -47.63934559535771, -15.628381898104955 ], [ -47.641089805635858, -15.628394772580528 ], [ -47.641533027210514, -15.629158637939204 ], [ -47.647932701651385, -15.630781812845489 ], [ -47.649996870274173, -15.632416022045508 ], [ -47.656087565579803, -15.63521670423844 ], [ -47.659704469476246, -15.635168198611916 ], [ -47.664760868818249, -15.63292143629768 ], [ -47.666948015006795, -15.633483688679645 ], [ -47.6674176281862, -15.6342141663569 ], [ -47.666717879207425, -15.634436450078194 ], [ -47.666917543254044, -15.635097917294317 ], [ -47.667645886506634, -15.635213882363741 ], [ -47.667118138853617, -15.636300453498789 ], [ -47.667725166423715, -15.636094386698442 ], [ -47.668163055598853, -15.637464608336808 ], [ -47.66934176293092, -15.637431497086714 ], [ -47.669578407922849, -15.638510627306117 ], [ -47.670296069308385, -15.638652050904165 ], [ -47.670811595381949, -15.640781881898802 ], [ -47.670037414693681, -15.642201215396064 ], [ -47.671255744017984, -15.642729526540217 ], [ -47.671037146180119, -15.64322167327723 ], [ -47.672296335375115, -15.644210284059884 ], [ -47.671970550557546, -15.645101708796069 ], [ -47.672479838729778, -15.64550869527846 ], [ -47.6718679809184, -15.646384511851359 ], [ -47.674707634583257, -15.648405079657319 ], [ -47.671122191484692, -15.649729348056139 ], [ -47.666594484823364, -15.648384506903296 ], [ -47.661314088768627, -15.648182214244503 ], [ -47.66261923397694, -15.661789996267705 ], [ -47.665926287372322, -15.663314018407064 ], [ -47.666971144828743, -15.665361777191332 ], [ -47.671571084123748, -15.669454500870913 ], [ -47.670672359207856, -15.669967634759397 ], [ -47.67124989059559, -15.671434611395533 ], [ -47.670139457021747, -15.672104508660153 ], [ -47.668561460223991, -15.671684237186991 ], [ -47.668019463493948, -15.672445235414875 ], [ -47.669230648516802, -15.675131221684758 ], [ -47.666751787016139, -15.675884207579259 ], [ -47.665917035623202, -15.676850395294766 ], [ -47.664490548681272, -15.675779082058556 ], [ -47.663821735884255, -15.676272108398537 ], [ -47.662088159862435, -15.676067746821417 ], [ -47.661331458592969, -15.675347326152915 ], [ -47.660527237343281, -15.675601805327897 ], [ -47.659540805414629, -15.673786152420858 ], [ -47.658610201984253, -15.673811618018416 ], [ -47.657729719156833, -15.672912221145216 ], [ -47.657755085783833, -15.672179737567369 ], [ -47.656369234133763, -15.672525080259595 ], [ -47.654885389760935, -15.671747436935485 ], [ -47.655018273947654, -15.670250147728783 ], [ -47.652816385506974, -15.669859002367616 ], [ -47.652469165988407, -15.668719840828858 ], [ -47.651041124961033, -15.670448842078773 ], [ -47.64974818246754, -15.669938898389272 ], [ -47.647368019765466, -15.665991169115717 ], [ -47.647056119308935, -15.666969967764661 ], [ -47.643715192240812, -15.663142082345804 ], [ -47.642290969053391, -15.663295652791724 ], [ -47.642404642767758, -15.663811079574032 ], [ -47.640516162156665, -15.663574954760195 ], [ -47.639821174248901, -15.664343753061114 ], [ -47.638793310222709, -15.66199679575301 ], [ -47.636616401235138, -15.66077621430491 ], [ -47.63422025031764, -15.657984470394563 ], [ -47.632120520087696, -15.658241060119908 ], [ -47.628731092079079, -15.657281576222674 ], [ -47.627014584047664, -15.65847103938248 ], [ -47.625101378206693, -15.6575881912485 ], [ -47.624853851921721, -15.65803490729828 ], [ -47.623905557070145, -15.657483174814907 ], [ -47.621498143973923, -15.658172449216414 ], [ -47.620890925062682, -15.65742916972812 ], [ -47.619341866593487, -15.658109311872042 ], [ -47.616800904557238, -15.657401473896947 ], [ -47.616418555521172, -15.658738761597535 ], [ -47.611881886368252, -15.659508196547243 ], [ -47.610701308743764, -15.660718226914442 ], [ -47.608132065047435, -15.660043987357589 ], [ -47.606324198351615, -15.660725193359863 ], [ -47.605051205643953, -15.660064838323775 ], [ -47.603846725646392, -15.66057543722011 ], [ -47.603092077027348, -15.659659498308356 ], [ -47.601208177824198, -15.659982699032817 ], [ -47.601437879737297, -15.658849782043102 ], [ -47.602131647732904, -15.658524501853778 ], [ -47.620693409786206, -15.651571468517441 ], [ -47.621406007368492, -15.650509806003473 ], [ -47.621695934134863, -15.647979601327858 ], [ -47.623339524118038, -15.646985257206879 ], [ -47.624412999204466, -15.641386180889636 ], [ -47.597071894979941, -15.622657787350439 ], [ -47.600559336372584, -15.622300046205565 ] ] ] } },
{ "type": "Feature", "properties": { "RA": "Plano Piloto", "RS": "Central", "Macro": "Macrorregião 2" }, "geometry": { "type": "Polygon", "coordinates": [ [ [ -47.859501544916547, -15.688227457636716 ], [ -47.87540545614884, -15.696256151754415 ], [ -47.875937177050346, -15.679576829747386 ], [ -47.87843293316655, -15.682948725047483 ], [ -47.905473633573536, -15.696390167148669 ], [ -47.908385165935854, -15.69347307686545 ], [ -47.910259057906728, -15.693733039791262 ], [ -47.910315761364096, -15.694503141961444 ], [ -47.913146240534935, -15.695920160718746 ], [ -47.914836113518177, -15.693477410520492 ], [ -47.92007052571185, -15.702970900078709 ], [ -47.923461457500252, -15.718556368657815 ], [ -47.922633739915995, -15.719445184130954 ], [ -47.922434867285133, -15.721573773604277 ], [ -47.921611835313399, -15.722240022242934 ], [ -47.92218075724746, -15.724586742892086 ], [ -47.920595258618754, -15.726156242802357 ], [ -47.915643000069316, -15.728307849054714 ], [ -47.913714327934102, -15.727887102003574 ], [ -47.913083118614871, -15.728598208560953 ], [ -47.910195637745986, -15.728162837759017 ], [ -47.908580380626873, -15.728654112662145 ], [ -47.908232252013235, -15.727827641252338 ], [ -47.906207923673307, -15.727447740891945 ], [ -47.902393067919171, -15.727309938724755 ], [ -47.900658134542965, -15.727862768113035 ], [ -47.90011680436286, -15.727692283801648 ], [ -47.900715120969636, -15.727390856771846 ], [ -47.898980444511594, -15.72719438049316 ], [ -47.895259742979022, -15.728726489743043 ], [ -47.894686555843997, -15.730213747278361 ], [ -47.893538894288149, -15.729375388586929 ], [ -47.889955973658907, -15.72975940119767 ], [ -47.884698834986878, -15.728805974454662 ], [ -47.881084037639781, -15.730079280299048 ], [ -47.878014502398784, -15.732866385817518 ], [ -47.876086393507244, -15.737004459694104 ], [ -47.872447745889353, -15.741101243010194 ], [ -47.865459849210552, -15.743471063014216 ], [ -47.863214813788453, -15.745647033985065 ], [ -47.862701919778679, -15.747384229934708 ], [ -47.859527163970128, -15.747858286628214 ], [ -47.853222099196678, -15.75043444794348 ], [ -47.84649717533415, -15.754833423696743 ], [ -47.845170113927864, -15.757193505960371 ], [ -47.844844206041088, -15.759938540872138 ], [ -47.842598331592534, -15.760661459067142 ], [ -47.840532484018475, -15.763342892798558 ], [ -47.835947512452734, -15.765614743353918 ], [ -47.83460894362765, -15.768832073632721 ], [ -47.834875173735135, -15.771779276901613 ], [ -47.833655741279671, -15.773232089235377 ], [ -47.831851225299872, -15.773620716573131 ], [ -47.829051603259025, -15.769402831423291 ], [ -47.828222551676575, -15.763382951723459 ], [ -47.826935620708966, -15.760547465600718 ], [ -47.827284990794318, -15.759095951786232 ], [ -47.829480696130901, -15.756983539386217 ], [ -47.829934550165262, -15.755393089571294 ], [ -47.827518816872889, -15.751616132667058 ], [ -47.827716148893032, -15.750675640603784 ], [ -47.833982269902293, -15.746458038706519 ], [ -47.840131399718842, -15.744218141767503 ], [ -47.844298143536079, -15.738884095259717 ], [ -47.847717540240879, -15.737503667942388 ], [ -47.852796474720115, -15.732910473154318 ], [ -47.853473470271048, -15.731112822145647 ], [ -47.855951881715747, -15.730636064947445 ], [ -47.856213502567527, -15.729328216184063 ], [ -47.857647495831969, -15.729068534742265 ], [ -47.858825670463084, -15.728053805763864 ], [ -47.857091630910581, -15.728553662009416 ], [ -47.858343366783672, -15.728063317261066 ], [ -47.857579459228987, -15.728237149305652 ], [ -47.859677968648448, -15.72702640061693 ], [ -47.861122461421949, -15.725717753885711 ], [ -47.859371195775559, -15.727082727981331 ], [ -47.86052033056847, -15.724359238569626 ], [ -47.862398008938278, -15.723489074538019 ], [ -47.860997565953049, -15.723749294890986 ], [ -47.860283388234187, -15.724541360165484 ], [ -47.859397385259356, -15.72662916090939 ], [ -47.856108685343543, -15.728844960205379 ], [ -47.85953446008687, -15.725899305299233 ], [ -47.858770315376951, -15.725213084705949 ], [ -47.859115744553165, -15.72451488748009 ], [ -47.856859937432496, -15.724254345573806 ], [ -47.853957844567198, -15.727386930239936 ], [ -47.852602470059779, -15.727458318573003 ], [ -47.852178365532673, -15.728904311709867 ], [ -47.852129910406255, -15.728385502537288 ], [ -47.851662167519279, -15.727017463222753 ], [ -47.852094852753972, -15.728513302226943 ], [ -47.85208463890919, -15.728973774738007 ], [ -47.851345417058525, -15.728016130719064 ], [ -47.84736202567899, -15.729740208020553 ], [ -47.846075504343155, -15.733320678266637 ], [ -47.843793491569024, -15.734972303782616 ], [ -47.840770429770927, -15.735129091100928 ], [ -47.838444772348723, -15.734223243848714 ], [ -47.8380710130034, -15.736263075797396 ], [ -47.835610510372206, -15.737021331482671 ], [ -47.836714907267343, -15.738829633589035 ], [ -47.83561862485417, -15.742026741014621 ], [ -47.832699739781269, -15.740931648257213 ], [ -47.832112041261141, -15.742393297254504 ], [ -47.830293065100214, -15.743083061877593 ], [ -47.83029200957975, -15.743726409041155 ], [ -47.828823450041483, -15.742633499959247 ], [ -47.827409219713282, -15.74434170614634 ], [ -47.823980490410975, -15.745541842439529 ], [ -47.821109933802042, -15.749117134760178 ], [ -47.822088506370271, -15.751219640450893 ], [ -47.821266854210819, -15.752340012505012 ], [ -47.819742648532269, -15.752582619944889 ], [ -47.817632237333605, -15.751281590411338 ], [ -47.814911394848238, -15.750467777746477 ], [ -47.816649651092682, -15.751231878623718 ], [ -47.815681811595468, -15.751360070305623 ], [ -47.818619326829051, -15.755197252469419 ], [ -47.819864829292385, -15.75860483259385 ], [ -47.81917170089725, -15.760079746246831 ], [ -47.813660065013657, -15.763672793405735 ], [ -47.816683103455553, -15.764795931526464 ], [ -47.81840883179504, -15.764443034605408 ], [ -47.818863414363108, -15.765090628086808 ], [ -47.817709539160433, -15.768628552772878 ], [ -47.817004263746036, -15.774828385800719 ], [ -47.810960915944086, -15.779165047032953 ], [ -47.809957358532856, -15.781771987492361 ], [ -47.806380318275465, -15.785390532563556 ], [ -47.806727818068389, -15.787259410093563 ], [ -47.804852102517479, -15.788472322933881 ], [ -47.801470015541369, -15.789028173808951 ], [ -47.799256382526664, -15.790298496667024 ], [ -47.799151395521086, -15.789709718371542 ], [ -47.798334192717235, -15.789895615924012 ], [ -47.798126610021384, -15.790538386808052 ], [ -47.795816490758646, -15.789425182541187 ], [ -47.795190756671069, -15.788262805386772 ], [ -47.794642994553534, -15.789571911776086 ], [ -47.79372582542824, -15.78985920575955 ], [ -47.794278062952515, -15.790731268935417 ], [ -47.792138769120832, -15.789889372230881 ], [ -47.790706956067574, -15.790225545949406 ], [ -47.789491022550138, -15.788470065057535 ], [ -47.789145569119427, -15.790673540721167 ], [ -47.787755785543361, -15.788610364536005 ], [ -47.78784501699716, -15.78971435943734 ], [ -47.787405196444162, -15.789665669301051 ], [ -47.787887469580859, -15.790500993918483 ], [ -47.785876250355862, -15.790665715172624 ], [ -47.785417505893093, -15.79356291779426 ], [ -47.784378517130421, -15.793840740922818 ], [ -47.78450970350125, -15.797079563178478 ], [ -47.783917714627343, -15.797855796446955 ], [ -47.785855310626587, -15.802230997918485 ], [ -47.787264929004124, -15.801794925000843 ], [ -47.788631792065715, -15.799946078629326 ], [ -47.789361688505416, -15.800006968678058 ], [ -47.789263053487225, -15.799105367256573 ], [ -47.789924224316117, -15.7989365669431 ], [ -47.789285349672575, -15.798492842339703 ], [ -47.78952736030169, -15.795755283340114 ], [ -47.791089491054905, -15.795355319545232 ], [ -47.792011444607411, -15.795577682432249 ], [ -47.792093731185744, -15.796168833715345 ], [ -47.793709577599692, -15.796345841132792 ], [ -47.794603845075137, -15.795911650289604 ], [ -47.79541468241689, -15.79728141141184 ], [ -47.79582849404747, -15.795961927677839 ], [ -47.796978828989602, -15.796533939382977 ], [ -47.797574871062082, -15.795764246233508 ], [ -47.798456167763149, -15.797319292292565 ], [ -47.799051926866312, -15.79544440061216 ], [ -47.798575047214591, -15.795214071309509 ], [ -47.800960258448555, -15.795016044241089 ], [ -47.801705711912355, -15.794043507784165 ], [ -47.803562461332668, -15.794368420996873 ], [ -47.80258186935167, -15.792729039851459 ], [ -47.804217573024971, -15.792353451567951 ], [ -47.809210721987824, -15.793187582598451 ], [ -47.810390468670676, -15.794335355132837 ], [ -47.809785685092166, -15.795695286660248 ], [ -47.812204584945924, -15.797421442014466 ], [ -47.815302773749536, -15.802962797905906 ], [ -47.813369786107685, -15.806304015362747 ], [ -47.81698907592952, -15.805689952936934 ], [ -47.817420487353147, -15.80796156827952 ], [ -47.818875237090559, -15.809019501775703 ], [ -47.818181117853669, -15.810389263234551 ], [ -47.819387625348831, -15.817157477037778 ], [ -47.816014271793911, -15.821693143113 ], [ -47.817449764346577, -15.821012322472249 ], [ -47.819540539271443, -15.821330123410668 ], [ -47.819872980605268, -15.822103682050903 ], [ -47.821225166093434, -15.821998419547743 ], [ -47.822887861446063, -15.824028866800345 ], [ -47.823099124539645, -15.825299252599526 ], [ -47.824573159309566, -15.825626434452678 ], [ -47.827138455808544, -15.82783030934055 ], [ -47.827320624266697, -15.829790947173285 ], [ -47.825141177538441, -15.832865426694719 ], [ -47.829291965479598, -15.832427789010399 ], [ -47.829119486250107, -15.831784313741968 ], [ -47.831479403620612, -15.830782032185139 ], [ -47.83381737425043, -15.831023387622171 ], [ -47.837986990879941, -15.833063299179008 ], [ -47.839767276601577, -15.835979685348194 ], [ -47.840881722051485, -15.83943805099068 ], [ -47.843774842543716, -15.839065267366536 ], [ -47.848485566571135, -15.840165427285294 ], [ -47.850035844054176, -15.839810893556832 ], [ -47.849871231371623, -15.840277333823639 ], [ -47.849890252299453, -15.840363974474245 ], [ -47.851585776584152, -15.839211404913721 ], [ -47.853512395170632, -15.839777368450635 ], [ -47.858098480647321, -15.84418131659935 ], [ -47.861519051450209, -15.846123388730044 ], [ -47.863777248987851, -15.849618211637042 ], [ -47.862097862937226, -15.850724388215474 ], [ -47.858448559503437, -15.851504267061907 ], [ -47.858812785028654, -15.853795758688817 ], [ -47.859309777959581, -15.853322594621851 ], [ -47.858981614403149, -15.854120961287018 ], [ -47.860925852545606, -15.852362859309661 ], [ -47.863675631562913, -15.852011129575287 ], [ -47.865454278757468, -15.852663694326274 ], [ -47.866887709676561, -15.852104225592706 ], [ -47.867631626122908, -15.853522444099903 ], [ -47.869821657700143, -15.85417535134858 ], [ -47.868797910652916, -15.854708195335668 ], [ -47.868738702692532, -15.855870565583198 ], [ -47.870105947538114, -15.856777610165727 ], [ -47.870684975519119, -15.858325900353766 ], [ -47.871869426679105, -15.859006520893171 ], [ -47.873182667504757, -15.858690371822686 ], [ -47.873742558675261, -15.858385915602355 ], [ -47.873443646061098, -15.857835943084046 ], [ -47.87212404516324, -15.85758310431885 ], [ -47.873063620966683, -15.857403802682647 ], [ -47.873648652388717, -15.857827070219699 ], [ -47.874155660636767, -15.858833132855525 ], [ -47.874596464844998, -15.859080239193656 ], [ -47.874505293928493, -15.85956930598906 ], [ -47.874865982786424, -15.859183955465184 ], [ -47.874247884378775, -15.858718742744122 ], [ -47.874331026153264, -15.857658485722929 ], [ -47.869085944668974, -15.852936686886828 ], [ -47.868190877692932, -15.850055867371857 ], [ -47.869868689895164, -15.848070304858817 ], [ -47.866654134227957, -15.841534996717799 ], [ -47.86177449368946, -15.836447862901984 ], [ -47.860762991577865, -15.834283175389515 ], [ -47.854914281748513, -15.829508887595365 ], [ -47.855468483888323, -15.827332691601869 ], [ -47.85779044025157, -15.82695169504893 ], [ -47.863500811323782, -15.828306971148166 ], [ -47.866185369058201, -15.827885658029926 ], [ -47.870719396265855, -15.829973609328064 ], [ -47.871923988552837, -15.828300911861996 ], [ -47.871811876110428, -15.827262509490398 ], [ -47.870830497205255, -15.826533797260817 ], [ -47.871878397255536, -15.824546097780312 ], [ -47.876852534273716, -15.824624995268827 ], [ -47.879352662490412, -15.826023851926566 ], [ -47.879763124303295, -15.82746758672859 ], [ -47.881086111849768, -15.828695305243027 ], [ -47.883200447787914, -15.828586634965863 ], [ -47.884974335708101, -15.835568155678814 ], [ -47.890605103469738, -15.840158170568763 ], [ -47.893678090038058, -15.841177930697897 ], [ -47.898064428823119, -15.840672167035718 ], [ -47.898770974455331, -15.841808372477946 ], [ -47.903690452581735, -15.844608698600098 ], [ -47.904155399911545, -15.844664891321004 ], [ -47.904063122270621, -15.844028498163356 ], [ -47.907271684378244, -15.845916226156925 ], [ -47.911319921544873, -15.846696606657135 ], [ -47.919885346100862, -15.851609452834451 ], [ -47.924895121981301, -15.85170788605261 ], [ -47.925352869314118, -15.850841146331309 ], [ -47.932199904766478, -15.851329285986369 ], [ -47.931483339325588, -15.845098956748503 ], [ -47.941360188313709, -15.844337865608914 ], [ -47.953296937130389, -15.840579121918777 ], [ -47.948400442400526, -15.810152656871043 ], [ -47.940989762616411, -15.811058872999224 ], [ -47.934831975735463, -15.809142395711405 ], [ -47.927482647291995, -15.806305186554567 ], [ -47.914668444767038, -15.799151679811002 ], [ -47.912992676232072, -15.796130303461306 ], [ -47.911194748496563, -15.796534081142923 ], [ -47.908475183415518, -15.788470333029075 ], [ -47.914420436086765, -15.786431216652284 ], [ -47.913922474771944, -15.784974450720441 ], [ -47.938514856397944, -15.777271462612257 ], [ -47.936266835874164, -15.771248058418632 ], [ -47.917010504528015, -15.740191869600292 ], [ -47.919504556540133, -15.739967696862321 ], [ -47.921155526183369, -15.742618612073942 ], [ -47.921121920208584, -15.744181347299676 ], [ -47.927937381675335, -15.740233824901015 ], [ -47.942341632795902, -15.747905267978906 ], [ -47.948996997411029, -15.747752040553447 ], [ -47.963316447568779, -15.748858036256269 ], [ -47.969571754658659, -15.752619697337179 ], [ -47.972751570677197, -15.75583620127947 ], [ -47.976295543050661, -15.764194850435443 ], [ -47.975644982223585, -15.772014449798252 ], [ -47.971226987706224, -15.776644504989124 ], [ -47.977165120330525, -15.781930081170646 ], [ -48.004338236901972, -15.754905918548008 ], [ -48.017187413535886, -15.751558819559895 ], [ -48.047619684433457, -15.753706058036361 ], [ -48.049946015592127, -15.748300010670146 ], [ -48.05244590845021, -15.744637537361267 ], [ -48.057402939748755, -15.740497755569857 ], [ -48.063123039575494, -15.738171347266469 ], [ -48.074546861144732, -15.735943103528424 ], [ -48.081948162517286, -15.731490846251818 ], [ -48.084801416675532, -15.728208297499188 ], [ -48.086516075974096, -15.723146016240207 ], [ -48.089709599385557, -15.67893796071399 ], [ -48.076819061621016, -15.633049635755407 ], [ -48.074296243756876, -15.628106349356372 ], [ -48.07000255182033, -15.624561738487062 ], [ -48.04596074583533, -15.613138398762873 ], [ -48.026118335631516, -15.590267058978633 ], [ -48.013840500094723, -15.579720085668473 ], [ -48.010728282301315, -15.578304234341278 ], [ -48.007403580603857, -15.57797343796954 ], [ -48.004102870212698, -15.578704793487836 ], [ -48.001756393435464, -15.580053912997455 ], [ -47.956570863353036, -15.614323867887634 ], [ -47.883660077091243, -15.667802578744347 ], [ -47.859501544916547, -15.688227457636716 ] ] ] } },
{ "type": "Feature", "properties": { "RA": "Recanto das Emas", "RS": "Sudoeste", "Macro": "Macrorregião 1" }, "geometry": { "type": "Polygon", "coordinates": [ [ [ -48.038221701272143, -15.945430191709772 ], [ -48.040738043181406, -15.949194244672162 ], [ -48.043932216074815, -15.951648447983626 ], [ -48.048493092129689, -15.953160489143508 ], [ -48.052784039713053, -15.953003966932748 ], [ -48.062485572592003, -15.947791596697693 ], [ -48.075895031163569, -15.939411038622643 ], [ -48.077939804261057, -15.938784547647229 ], [ -48.07970183801276, -15.939027634231447 ], [ -48.08283156756432, -15.941675600634838 ], [ -48.091247984970856, -15.935028742939013 ], [ -48.092145612145472, -15.933517012527005 ], [ -48.094386470401489, -15.932248127977191 ], [ -48.096325784877884, -15.932860056594233 ], [ -48.102176778224681, -15.937240552864781 ], [ -48.1037978133077, -15.94199037978861 ], [ -48.105092026018994, -15.942943981590966 ], [ -48.105523817429983, -15.944379343686299 ], [ -48.106448367113664, -15.944603836345834 ], [ -48.107306646282197, -15.946661916583432 ], [ -48.111994972614639, -15.951309655130061 ], [ -48.114152867860909, -15.951086432747648 ], [ -48.116016195644058, -15.952094782419099 ], [ -48.116366426315444, -15.952980605926816 ], [ -48.117329982645394, -15.952695332299978 ], [ -48.11882432652726, -15.953751750024475 ], [ -48.120071515128387, -15.953678597613431 ], [ -48.12026232807451, -15.954757934782501 ], [ -48.121176623489227, -15.954717432763376 ], [ -48.121991482588498, -15.955719118804719 ], [ -48.122286804636467, -15.953041894552657 ], [ -48.123869857152648, -15.949657619984512 ], [ -48.125472100378239, -15.948031363376272 ], [ -48.125682650209477, -15.946989366821104 ], [ -48.12642581386762, -15.946954934495661 ], [ -48.126694234966088, -15.942205279552566 ], [ -48.127504827067767, -15.942754406424731 ], [ -48.130652866979759, -15.942781273772127 ], [ -48.134514065921088, -15.945214152656842 ], [ -48.144500000029105, -15.942912646886523 ], [ -48.147206624878478, -15.943534265457247 ], [ -48.153374875335842, -15.94714045991358 ], [ -48.153139364017804, -15.934443990864262 ], [ -48.153385267945367, -15.933796620981116 ], [ -48.155644292831383, -15.936990860457312 ], [ -48.156790614999139, -15.937128048060757 ], [ -48.160098293621957, -15.940169927852962 ], [ -48.163110166903181, -15.946853895314288 ], [ -48.172782186531805, -15.946273298650564 ], [ -48.173009688470763, -15.947079758557214 ], [ -48.176282972397985, -15.94626448669451 ], [ -48.179123439038165, -15.94667646811522 ], [ -48.181716128763419, -15.945941028386205 ], [ -48.187067192586611, -15.945725725798823 ], [ -48.186572302611751, -15.949560297083883 ], [ -48.186928103736221, -15.953431232660781 ], [ -48.18851141047562, -15.956853918862338 ], [ -48.19206433725585, -15.960705523332233 ], [ -48.19235444817685, -15.963136273350395 ], [ -48.193133412394012, -15.963897629234127 ], [ -48.195563975973414, -15.96268672558339 ], [ -48.198581769152362, -15.963980375896533 ], [ -48.200689515049575, -15.96227086547089 ], [ -48.20472287970837, -15.96424893093498 ], [ -48.211137216451306, -15.965148155770388 ], [ -48.212312273030051, -15.966208314856761 ], [ -48.213842947476962, -15.965947017215749 ], [ -48.214705398421685, -15.96733729144864 ], [ -48.217945754602155, -15.968354011037766 ], [ -48.218527050829259, -15.969523055696584 ], [ -48.21903235676983, -15.969040859899595 ], [ -48.219886541417303, -15.969697015851006 ], [ -48.220740587724222, -15.969444866204029 ], [ -48.221472811698831, -15.970646639149724 ], [ -48.223148708692882, -15.970720167094443 ], [ -48.223869890576019, -15.969784495491052 ], [ -48.224736511500282, -15.970128562473901 ], [ -48.225205263195321, -15.971326568436655 ], [ -48.225963696416656, -15.970850715251631 ], [ -48.226440345201354, -15.97147295361558 ], [ -48.226912523070894, -15.970959029739022 ], [ -48.228521270997454, -15.971239840837443 ], [ -48.229475928616196, -15.97049386758686 ], [ -48.232617019161154, -15.971974442390071 ], [ -48.235838911369285, -15.971875273509909 ], [ -48.238173028226527, -15.972560754385047 ], [ -48.238451544592152, -15.971761402871408 ], [ -48.240223569406446, -15.970840086410076 ], [ -48.23997483219248, -15.971852988206281 ], [ -48.241213354746058, -15.971662574159252 ], [ -48.243198509353078, -15.973051886345381 ], [ -48.244458286944592, -15.973322333523919 ], [ -48.246085303909091, -15.972317346610206 ], [ -48.24565792502279, -15.973237730459566 ], [ -48.247322845502374, -15.975627565425535 ], [ -48.253473819560206, -15.975878809119555 ], [ -48.253938809110835, -15.97622197955438 ], [ -48.253359641890967, -15.976437045554544 ], [ -48.253684281356541, -15.97721808531441 ], [ -48.256496251639284, -15.977099023935146 ], [ -48.257966553010881, -15.977715815071308 ], [ -48.258508065548995, -15.977235840363296 ], [ -48.257932323605303, -15.976358545269242 ], [ -48.259026275788628, -15.976496384726845 ], [ -48.259702047834153, -15.974195000792832 ], [ -48.257980590085523, -15.972829614005333 ], [ -48.260573131588757, -15.96888191287464 ], [ -48.260176423881191, -15.966730903070353 ], [ -48.257710964346252, -15.964912850549901 ], [ -48.25736991266043, -15.963551516730719 ], [ -48.255976768486889, -15.96319884142717 ], [ -48.257691265190388, -15.961408403328827 ], [ -48.25519649991594, -15.962215311042957 ], [ -48.255234416905772, -15.960582356533534 ], [ -48.25632110351507, -15.959854816172891 ], [ -48.254573449096135, -15.959034066909856 ], [ -48.254672812648018, -15.957093197074109 ], [ -48.253301597248878, -15.955855074905758 ], [ -48.25007386329645, -15.955405023669307 ], [ -48.24826362414997, -15.954149379271433 ], [ -48.245111890365536, -15.954706017088199 ], [ -48.24259054933173, -15.952898972374371 ], [ -48.241560796148498, -15.953322912150131 ], [ -48.23865511720858, -15.952390728180365 ], [ -48.236965855079731, -15.952422716968153 ], [ -48.236430045047044, -15.953206007951536 ], [ -48.233056502845919, -15.953205589912024 ], [ -48.231314728798814, -15.954053792026357 ], [ -48.22695478072017, -15.952923121101756 ], [ -48.224265696375042, -15.954198760382717 ], [ -48.222142901900177, -15.957776160769765 ], [ -48.220252080279451, -15.958299505987531 ], [ -48.216743462002306, -15.958183477889269 ], [ -48.213609769083725, -15.956613612557895 ], [ -48.210804148093409, -15.952541777470911 ], [ -48.213007958928799, -15.949711065202766 ], [ -48.214425053086124, -15.949137915303192 ], [ -48.216787511790578, -15.945834815696657 ], [ -48.217551289089542, -15.944033733868096 ], [ -48.213550438054156, -15.942527749693747 ], [ -48.216147956224049, -15.938017202783207 ], [ -48.219089542622505, -15.934845545481366 ], [ -48.211769140829489, -15.931499754197464 ], [ -48.199389985210118, -15.923697728076384 ], [ -48.188168085153819, -15.919610868364867 ], [ -48.186517091256064, -15.920230580865177 ], [ -48.183049735294865, -15.923342603651692 ], [ -48.181514828884652, -15.923563778489742 ], [ -48.180011421899884, -15.922583463342191 ], [ -48.178777712519604, -15.919364520506806 ], [ -48.17496417279736, -15.918067815454236 ], [ -48.172439899662457, -15.919037354327402 ], [ -48.16981071318385, -15.92267132721873 ], [ -48.166302911475292, -15.923618179161021 ], [ -48.163760110587653, -15.915291716098446 ], [ -48.160748567886458, -15.912743959639938 ], [ -48.060338534384258, -15.882447681974877 ], [ -48.042767997669962, -15.937143767260713 ], [ -48.038221701272143, -15.945430191709772 ] ] ] } },
{ "type": "Feature", "properties": { "RA": "Riacho Fundo I", "RS": "Centro-Sul", "Macro": "Macrorregião 2" }, "geometry": { "type": "Polygon", "coordinates": [ [ [ -48.038374809230859, -15.874395622322606 ], [ -48.01291710205124, -15.878170584624019 ], [ -48.000480330286159, -15.877268154387346 ], [ -48.000235728017451, -15.879915035333036 ], [ -47.996020147289798, -15.879768134093862 ], [ -47.993437427067576, -15.878315161032681 ], [ -47.986352554558898, -15.877461456599708 ], [ -47.980768574650526, -15.878187960480112 ], [ -47.980172530781424, -15.877255711282269 ], [ -47.979015131487891, -15.880528236987617 ], [ -47.981024722067275, -15.880951219220853 ], [ -47.982822776465241, -15.882219245589567 ], [ -47.983918048273722, -15.881794514640804 ], [ -47.987930124656906, -15.884341341174364 ], [ -47.988905178524163, -15.887079212305876 ], [ -47.988659073373995, -15.888466500745963 ], [ -47.98913325807986, -15.888657823162696 ], [ -47.988349831930691, -15.889000874058762 ], [ -47.989057057587573, -15.889709086222501 ], [ -47.98857882507302, -15.891372462674424 ], [ -47.989221587625117, -15.891882870922714 ], [ -47.988699279271152, -15.892370172469173 ], [ -47.989235736090841, -15.894412638584216 ], [ -47.987684299781087, -15.898910939252332 ], [ -47.987180866827885, -15.898957284202428 ], [ -47.987893476986578, -15.899593740638089 ], [ -47.987658764270819, -15.902762386494402 ], [ -47.985691898464665, -15.904967882227213 ], [ -47.986255704493175, -15.90692141235076 ], [ -47.984374899087875, -15.910007738839489 ], [ -47.983564307884507, -15.913561759759007 ], [ -47.983956812374856, -15.91386870779794 ], [ -47.981860378063701, -15.917390079498496 ], [ -47.982234321563652, -15.918627560494606 ], [ -47.981542585557214, -15.919854692581147 ], [ -47.981689515801712, -15.921610528497833 ], [ -47.983592894971792, -15.925023774233521 ], [ -47.98550561302757, -15.924907263003403 ], [ -47.994015755260961, -15.920160693717765 ], [ -47.997306962374729, -15.92055345086022 ], [ -47.999627245176598, -15.921658981200842 ], [ -48.000887493485322, -15.920622247681825 ], [ -47.999691375904739, -15.918244252899994 ], [ -48.000845950895012, -15.917330302990056 ], [ -48.000484511045492, -15.916325292876982 ], [ -48.002810710151813, -15.912966171585602 ], [ -48.002630060744814, -15.911590609330728 ], [ -48.004194333081664, -15.909569032400679 ], [ -48.007365128218119, -15.908851826889634 ], [ -48.009261054964604, -15.907359682242976 ], [ -48.009717903982128, -15.90621871470959 ], [ -48.011577027649736, -15.906057696334036 ], [ -48.01496656525282, -15.903910939076852 ], [ -48.020340832559803, -15.898353468529217 ], [ -48.020985697169664, -15.898662775915088 ], [ -48.021349690929519, -15.897438882164789 ], [ -48.022517865514878, -15.897708748742881 ], [ -48.023637822129054, -15.895367998072254 ], [ -48.025107196439293, -15.894206381838483 ], [ -48.027502441854985, -15.890459420492066 ], [ -48.030169504000924, -15.88975004544471 ], [ -48.03260535057251, -15.887880074404118 ], [ -48.034234493849297, -15.887715421191553 ], [ -48.034829441773752, -15.8856026535833 ], [ -48.038591084923716, -15.883057882953768 ], [ -48.039198580516064, -15.883345600428049 ], [ -48.040018094685152, -15.882233781052166 ], [ -48.039461330550161, -15.880533613849373 ], [ -48.039845082754702, -15.876956542549502 ], [ -48.038374809230859, -15.874395622322606 ] ] ] } },
{ "type": "Feature", "properties": { "RA": "Riacho Fundo II", "RS": "Centro-Sul", "Macro": "Macrorregião 2" }, "geometry": { "type": "Polygon", "coordinates": [ [ [ -48.038374809230859, -15.874395622322606 ], [ -48.039845082754702, -15.876956542549502 ], [ -48.039461330550161, -15.880533613849373 ], [ -48.040018094685152, -15.882233781052166 ], [ -48.039257779493305, -15.883286617338179 ], [ -48.038591084923716, -15.883057882953768 ], [ -48.035189494624461, -15.885275423834573 ], [ -48.034234493849297, -15.887715421191553 ], [ -48.03260535057251, -15.887880074404118 ], [ -48.030169504000924, -15.88975004544471 ], [ -48.027502441854985, -15.890459420492066 ], [ -48.025107196439293, -15.894206381838483 ], [ -48.023637822129054, -15.895367998072254 ], [ -48.022517865514878, -15.897708748742881 ], [ -48.021349690929519, -15.897438882164789 ], [ -48.020985697169664, -15.898662775915088 ], [ -48.020340832559803, -15.898353468529217 ], [ -48.01496656525282, -15.903910939076852 ], [ -48.011577027649736, -15.906057696334036 ], [ -48.009717903982128, -15.90621871470959 ], [ -48.009261054964604, -15.907359682242976 ], [ -48.007365128218119, -15.908851826889634 ], [ -48.004194333081664, -15.909569032400679 ], [ -48.002630060744814, -15.911590609330728 ], [ -48.002810710151813, -15.912966171585602 ], [ -48.000484511045492, -15.916325292876982 ], [ -48.000845950895012, -15.917330302990056 ], [ -47.999691375904739, -15.918244252899994 ], [ -48.000887493485322, -15.920622247681825 ], [ -47.999627245176598, -15.921658981200842 ], [ -47.997306962374729, -15.92055345086022 ], [ -47.994015755260961, -15.920160693717765 ], [ -47.98550561302757, -15.924907263003403 ], [ -47.983595157827992, -15.925023727586192 ], [ -47.983844104349423, -15.928562505871268 ], [ -47.996606150688983, -15.938041044068319 ], [ -47.997822725603534, -15.940611576824439 ], [ -48.000804976938269, -15.943387067798001 ], [ -48.001847854507801, -15.945741717270087 ], [ -48.000068167962446, -15.947582899406836 ], [ -48.020724216455072, -15.966143723295877 ], [ -48.038221701272143, -15.945430191709772 ], [ -48.041692998142501, -15.939736285976894 ], [ -48.060338534384258, -15.882447681974877 ], [ -48.054697109010093, -15.880206997102043 ], [ -48.045630220608011, -15.874279210507197 ], [ -48.043179038896206, -15.873783346416744 ], [ -48.038374809230859, -15.874395622322606 ] ] ] } },
{ "type": "Feature", "properties": { "RA": "SCIA/Estrutural", "RS": "Centro-Sul", "Macro": "Macrorregião 2" }, "geometry": { "type": "Polygon", "coordinates": [ [ [ -48.004716707012641, -15.75478794483819 ], [ -47.975502221958635, -15.783572032370015 ], [ -47.966098131151718, -15.794299035663851 ], [ -47.970182795003119, -15.795509027062264 ], [ -47.983794720364997, -15.788929933959055 ], [ -47.988176088771581, -15.787655595898222 ], [ -47.995680692808556, -15.786349731720705 ], [ -48.003015772174997, -15.786244333924794 ], [ -48.004152994408919, -15.784578295116541 ], [ -48.004133424610451, -15.782978375471266 ], [ -48.006787380336398, -15.776285911896 ], [ -48.00613724980235, -15.770615103291551 ], [ -48.006773566043961, -15.769204662431076 ], [ -48.006556411798755, -15.766177384576721 ], [ -48.00727369499355, -15.764900625507467 ], [ -48.007248508029626, -15.762948578760723 ], [ -48.006149405804777, -15.759185154257814 ], [ -48.005049119600379, -15.757652845773293 ], [ -48.004716707012641, -15.75478794483819 ] ] ] } },
{ "type": "Feature", "properties": { "RA": "Sudoeste/Octogonal", "RS": "Central", "Macro": "Macrorregião 2" }, "geometry": { "type": "Polygon", "coordinates": [ [ [ -47.948400442400526, -15.810152656871043 ], [ -47.946184250085579, -15.800151555242619 ], [ -47.940410985265373, -15.802318760396847 ], [ -47.937537750778574, -15.806476871966387 ], [ -47.932994247242981, -15.803627192494115 ], [ -47.93240802285824, -15.80115566201504 ], [ -47.93346996537305, -15.798908704526909 ], [ -47.933459597916347, -15.792536569355022 ], [ -47.929268309430611, -15.78015148279392 ], [ -47.913922474771944, -15.784974450720441 ], [ -47.914420436086765, -15.786431216652284 ], [ -47.908475183415518, -15.788470333029075 ], [ -47.911255429693995, -15.796613434715617 ], [ -47.912992676232072, -15.796130303461306 ], [ -47.914314945126321, -15.79893660584019 ], [ -47.927482647291995, -15.806305186554567 ], [ -47.939976840268336, -15.810896984317997 ], [ -47.948400442400526, -15.810152656871043 ] ] ] } },
{ "type": "Feature", "properties": { "RA": "SIA", "RS": "Centro-Sul", "Macro": "Macrorregião 2" }, "geometry": { "type": "Polygon", "coordinates": [ [ [ -47.936266835874164, -15.771248058418632 ], [ -47.947358092142068, -15.803773840562584 ], [ -47.948400442400526, -15.810152656871043 ], [ -47.96682138005832, -15.807355213049947 ], [ -47.968923210549391, -15.807355957249893 ], [ -47.970504022667257, -15.808074633576052 ], [ -47.970287276257181, -15.804943174910312 ], [ -47.971818628932127, -15.804714522889212 ], [ -47.971826879958009, -15.803752697475542 ], [ -47.9796053560706, -15.80253989169745 ], [ -47.982029908124119, -15.799630521734974 ], [ -47.990382594552827, -15.804391871875442 ], [ -47.991298607546355, -15.806181163785189 ], [ -47.992109367632999, -15.806079396203536 ], [ -47.989761484992343, -15.787306537055452 ], [ -47.981871291696088, -15.789743020976941 ], [ -47.970322665387805, -15.79549435742608 ], [ -47.966092672089729, -15.794283439303733 ], [ -47.977165120330525, -15.781930081170646 ], [ -47.971226987706224, -15.776644504989124 ], [ -47.975644982223585, -15.772014449798252 ], [ -47.976295543050661, -15.764194850435443 ], [ -47.972751570677197, -15.75583620127947 ], [ -47.969571754658659, -15.752619697337179 ], [ -47.963316447568779, -15.748858036256269 ], [ -47.948996997411029, -15.747752040553447 ], [ -47.942341632795902, -15.747905267978906 ], [ -47.927937381675335, -15.740233824901015 ], [ -47.921121920208584, -15.744181347299676 ], [ -47.921155526183369, -15.742618612073942 ], [ -47.919504556540133, -15.739967696862321 ], [ -47.917332057382289, -15.740005884148447 ], [ -47.936266835874164, -15.771248058418632 ] ] ] } },
{ "type": "Feature", "properties": { "RA": "Samambaia", "RS": "Sudoeste", "Macro": "Macrorregião 1" }, "geometry": { "type": "Polygon", "coordinates": [ [ [ -48.047454640559572, -15.875391590495484 ], [ -48.054697109010093, -15.880206997102043 ], [ -48.058744200824741, -15.881968772005933 ], [ -48.161192588961718, -15.91291960352495 ], [ -48.163976636012165, -15.915718532568039 ], [ -48.166302911475292, -15.923618179161021 ], [ -48.16981071318385, -15.92267132721873 ], [ -48.172203292399772, -15.919276431442928 ], [ -48.174164148476677, -15.918156534808505 ], [ -48.178422921101507, -15.919075737577828 ], [ -48.180011421899884, -15.922583463342191 ], [ -48.181760435469862, -15.923602055486031 ], [ -48.183362370573313, -15.923155297437468 ], [ -48.186877131530366, -15.919979324444835 ], [ -48.188887590780631, -15.919698682573891 ], [ -48.199946123219362, -15.923974371673275 ], [ -48.212720445935588, -15.932028070109373 ], [ -48.219089542622505, -15.934845545481366 ], [ -48.220233945988809, -15.934022410818466 ], [ -48.2217380410831, -15.934452953640564 ], [ -48.221839212943657, -15.935581545894305 ], [ -48.222711166267452, -15.936012555274186 ], [ -48.223678539539037, -15.934546995391301 ], [ -48.224441065484804, -15.934594124224917 ], [ -48.224355296138107, -15.934028503204214 ], [ -48.226267859683659, -15.934005108891112 ], [ -48.22648585744691, -15.93269370483662 ], [ -48.22687650511957, -15.932987961981064 ], [ -48.228492322787424, -15.931351923172812 ], [ -48.229089189513338, -15.932386842579644 ], [ -48.229917277203491, -15.93183482552968 ], [ -48.230511478627953, -15.933470158129801 ], [ -48.232290653133589, -15.93360711491354 ], [ -48.232272371519244, -15.934294609760618 ], [ -48.233174783121058, -15.933975152280464 ], [ -48.233974563998295, -15.935293941184154 ], [ -48.234821363595813, -15.934482086115974 ], [ -48.234398080128884, -15.933400378383203 ], [ -48.238660828697157, -15.92916793164609 ], [ -48.240006873302036, -15.929375509577957 ], [ -48.240646488157374, -15.930693323224022 ], [ -48.24266217560259, -15.931916690518539 ], [ -48.245864332722249, -15.931958344281396 ], [ -48.247134207377549, -15.933485305778753 ], [ -48.250519212980024, -15.933728101634998 ], [ -48.25237373098517, -15.93584327355326 ], [ -48.254486288259059, -15.936864648919499 ], [ -48.255754650151424, -15.932282493722305 ], [ -48.257794039645411, -15.932307581299908 ], [ -48.258822057283517, -15.931318246590561 ], [ -48.258574982851137, -15.930214957479405 ], [ -48.259337535746369, -15.927823744842762 ], [ -48.258333609127554, -15.924874092414171 ], [ -48.259290106495996, -15.924795068315884 ], [ -48.258452130151198, -15.923327404270482 ], [ -48.259547640911542, -15.921788826163377 ], [ -48.257910338237039, -15.919110855412056 ], [ -48.258153617287341, -15.918155391046097 ], [ -48.256307066440449, -15.917849613188855 ], [ -48.256306701724441, -15.917123326821764 ], [ -48.253712368082219, -15.916771144361839 ], [ -48.255185182939989, -15.916031353410828 ], [ -48.254893841327046, -15.915141235711172 ], [ -48.254351886817823, -15.915228727054414 ], [ -48.255512818287052, -15.91252728241167 ], [ -48.25485815215913, -15.911471412227032 ], [ -48.253742014283233, -15.910755152563981 ], [ -48.253307564757314, -15.911607327467001 ], [ -48.252479050367405, -15.910583426308262 ], [ -48.252665410364671, -15.909859322683218 ], [ -48.250493640638837, -15.908614718316862 ], [ -48.248667910045285, -15.908541831088849 ], [ -48.248008747849354, -15.909462412573705 ], [ -48.247472139214395, -15.908716204379548 ], [ -48.246857060044412, -15.909297937712685 ], [ -48.247152038037619, -15.907081011483688 ], [ -48.246362971366786, -15.90746874979202 ], [ -48.242433742110677, -15.904661351696012 ], [ -48.240736831725499, -15.904554909827127 ], [ -48.240036676708215, -15.90353533560441 ], [ -48.240334012779051, -15.902731556105792 ], [ -48.238572026638067, -15.90382258492436 ], [ -48.236785246995225, -15.903632129628303 ], [ -48.235851235356662, -15.902704920982305 ], [ -48.236889395872637, -15.901491860587742 ], [ -48.236421900022371, -15.900002724015792 ], [ -48.23709760289762, -15.899106645792276 ], [ -48.235604884966406, -15.899913086912473 ], [ -48.235048530463175, -15.898981566418909 ], [ -48.235142098084857, -15.900666682532188 ], [ -48.234404249758249, -15.901042966965349 ], [ -48.233823667691816, -15.900476990566501 ], [ -48.231908374166125, -15.900676651582383 ], [ -48.231658664975015, -15.901576619181442 ], [ -48.230453187847488, -15.900547016741715 ], [ -48.230618357485504, -15.901533158667736 ], [ -48.229412501268925, -15.901778290356347 ], [ -48.227926470396689, -15.901305185419465 ], [ -48.228801275871518, -15.900181708680622 ], [ -48.227441207666736, -15.900420911897246 ], [ -48.226482398933065, -15.899861032353558 ], [ -48.226375971928107, -15.901024743826683 ], [ -48.224754673638699, -15.901296377537605 ], [ -48.224074141420481, -15.900753770665817 ], [ -48.224551221396524, -15.902600733814079 ], [ -48.223309687690112, -15.902022205321154 ], [ -48.22263272537684, -15.900338853510034 ], [ -48.220669647766236, -15.900891220602563 ], [ -48.219811706364247, -15.897811709035325 ], [ -48.2186101018739, -15.899116106052819 ], [ -48.218189449572442, -15.897627623186889 ], [ -48.217423180346877, -15.897264052428573 ], [ -48.21308350814251, -15.897612560094164 ], [ -48.211998752911057, -15.895556235617047 ], [ -48.210238516688243, -15.896966487563926 ], [ -48.207778606945141, -15.894715561245777 ], [ -48.208268839155245, -15.893009372998335 ], [ -48.206798158694582, -15.893748420105927 ], [ -48.205806366518637, -15.892581975248889 ], [ -48.205912407248036, -15.891471762055069 ], [ -48.204635780855043, -15.891359993657442 ], [ -48.20388950543277, -15.8921168698825 ], [ -48.203641821942632, -15.891532697076912 ], [ -48.202275005593442, -15.891525364450697 ], [ -48.202080285874139, -15.8894188714007 ], [ -48.200233171783559, -15.887786746079149 ], [ -48.200834298320551, -15.885743908593192 ], [ -48.199919245626063, -15.884846733517341 ], [ -48.200270759989998, -15.884346681645708 ], [ -48.198940997349638, -15.882853646749066 ], [ -48.19789735261886, -15.883275833520869 ], [ -48.197826271625374, -15.880709904503462 ], [ -48.196091964374915, -15.879202426200171 ], [ -48.196693738597233, -15.878540229501894 ], [ -48.194377791963234, -15.875585652281837 ], [ -48.194883350330407, -15.875216459930659 ], [ -48.193132878794735, -15.873966119962139 ], [ -48.193192794627549, -15.873159387394969 ], [ -48.1917300373077, -15.872716227596197 ], [ -48.192655886853593, -15.871896480624619 ], [ -48.192370623241857, -15.871533387025941 ], [ -48.189501586582381, -15.871107620855701 ], [ -48.188733971680534, -15.869329355079696 ], [ -48.185494640477785, -15.867437950014722 ], [ -48.183464880025326, -15.864484034363009 ], [ -48.183883962071675, -15.864091536746864 ], [ -48.182245460146277, -15.860658532815314 ], [ -48.17795150051176, -15.862110818321781 ], [ -48.177622934510069, -15.861481661824808 ], [ -48.178230684325648, -15.860765389334084 ], [ -48.176939752261774, -15.857326221972619 ], [ -48.175779181016978, -15.857510183926539 ], [ -48.174211064789027, -15.855625298517747 ], [ -48.171980157171411, -15.855487318217605 ], [ -48.171144337681611, -15.854549009232006 ], [ -48.168919641914179, -15.85395617074359 ], [ -48.168906392662052, -15.853052992637155 ], [ -48.16785895973571, -15.852640720034506 ], [ -48.166872280770349, -15.85331714358172 ], [ -48.165144603985006, -15.853215040249712 ], [ -48.16361620856398, -15.851713620578735 ], [ -48.162509115824683, -15.852750012517596 ], [ -48.161384885026386, -15.852508449728781 ], [ -48.15852434822613, -15.854877757048516 ], [ -48.155191673082221, -15.854522368600508 ], [ -48.153714197764742, -15.855097586485208 ], [ -48.152951815549422, -15.854305652043976 ], [ -48.15095877732746, -15.854156954597384 ], [ -48.149940395019094, -15.854912827322012 ], [ -48.14992292997335, -15.855803995111001 ], [ -48.148260359486528, -15.855925702650675 ], [ -48.147317005369011, -15.857080623122489 ], [ -48.146098515246273, -15.856957764392277 ], [ -48.145237630963408, -15.858620950670518 ], [ -48.14413175633964, -15.858643790341961 ], [ -48.142375319990471, -15.860996608293076 ], [ -48.135371313823676, -15.864319518429589 ], [ -48.133755250915755, -15.864094672569312 ], [ -48.132411060433625, -15.863067695454037 ], [ -48.13104904557963, -15.864544646599498 ], [ -48.130268205680153, -15.864039928308921 ], [ -48.124644213012388, -15.867480975476273 ], [ -48.121315183231907, -15.865433636647925 ], [ -48.120052748423774, -15.866964499106093 ], [ -48.113773978237006, -15.867764665229544 ], [ -48.110748121780063, -15.866618982585797 ], [ -48.109498698170519, -15.86367242141041 ], [ -48.109741848761729, -15.862082669953711 ], [ -48.105531327345759, -15.857314437831814 ], [ -48.10270259988971, -15.857357861225008 ], [ -48.09934413591062, -15.855232890813626 ], [ -48.088921690643112, -15.852308791952144 ], [ -48.083421328616339, -15.848521087201263 ], [ -48.082893707625779, -15.846954614728666 ], [ -48.079792154631427, -15.846066023725314 ], [ -48.076596168039451, -15.843811774658906 ], [ -48.075353018263847, -15.84360109332963 ], [ -48.074504714886544, -15.847898267626736 ], [ -48.073104989655242, -15.847388600049523 ], [ -48.069490041391163, -15.852133748491157 ], [ -48.067641253739218, -15.85162376668843 ], [ -48.064381321472069, -15.857204789207314 ], [ -48.060703362679028, -15.85869455418343 ], [ -48.050235141061265, -15.855469855719141 ], [ -48.047977036050106, -15.859677918976608 ], [ -48.046241475649822, -15.860116257144751 ], [ -48.043682597613554, -15.863384242926866 ], [ -48.039916434141077, -15.863628620035659 ], [ -48.03746791234083, -15.868194994773722 ], [ -48.047707039306623, -15.8750407632582 ], [ -48.047454640559572, -15.875391590495484 ] ] ] } },
{ "type": "Feature", "properties": { "RA": "Santa Maria", "RS": "Sul", "Macro": "Macrorregião 2" }, "geometry": { "type": "Polygon", "coordinates": [ [ [ -47.888161310401145, -16.04979361994776 ], [ -48.048320714409819, -16.049703714080604 ], [ -48.04296120462633, -16.043001414476088 ], [ -48.048157279418604, -16.036466936135071 ], [ -48.050718033137194, -16.035910873040493 ], [ -48.054084351086814, -16.037111110898259 ], [ -48.050844763864212, -16.030908993900685 ], [ -48.049522318001848, -16.0298877852068 ], [ -48.049207893279359, -16.027574865636073 ], [ -48.048060501218103, -16.027030665886805 ], [ -48.045417540871235, -16.02054290483602 ], [ -48.043655808953467, -16.019494470014092 ], [ -48.040563250790051, -16.020323569157163 ], [ -48.039548564150763, -16.020019377993787 ], [ -48.032397879267755, -16.014291311363959 ], [ -48.027567784410437, -16.009002988788151 ], [ -48.025865301775546, -16.008483496078313 ], [ -48.02112317534074, -16.005208317756864 ], [ -48.020727014707184, -16.004098145177377 ], [ -48.017990708622513, -16.002657581210979 ], [ -48.016166928271446, -16.000223398760237 ], [ -48.014006346164159, -15.999264285046765 ], [ -48.013274950436234, -15.997960478979007 ], [ -48.011526084189974, -15.997052932123211 ], [ -48.010618492902232, -15.99289098994157 ], [ -48.007087652101589, -15.986195171768012 ], [ -48.004525346094191, -15.97782837567749 ], [ -47.998682812182416, -15.97819545872896 ], [ -47.978406362084463, -15.974640537090362 ], [ -47.971768606245533, -15.974577229870661 ], [ -47.966297788011815, -15.975648655057139 ], [ -47.944923604721502, -15.983049006003828 ], [ -47.935450676014355, -15.983891576347803 ], [ -47.927962920778867, -15.982308839524904 ], [ -47.892388103001856, -15.969338810201828 ], [ -47.891505505540259, -15.971272560709449 ], [ -47.890157909544882, -15.971082905250723 ], [ -47.889341281662816, -15.972080748314321 ], [ -47.88754766494236, -15.976654893033604 ], [ -47.884728332965864, -15.977835295798929 ], [ -47.884046994958844, -15.980528166071823 ], [ -47.880959870704579, -15.986446611176476 ], [ -47.880432910874077, -15.990287826741664 ], [ -47.878340003348725, -15.993887196623906 ], [ -47.877926992117061, -15.996818739519046 ], [ -47.878426277548613, -16.000147343789109 ], [ -47.875545505298263, -16.007723388393533 ], [ -47.873847420815011, -16.010765630601966 ], [ -47.87244000151329, -16.01089310888586 ], [ -47.871531248703874, -16.012399332452926 ], [ -47.870539060370888, -16.012764941123443 ], [ -47.87154498933446, -16.013865422444859 ], [ -47.874983535426189, -16.015342545192407 ], [ -47.8768970961017, -16.018108350681075 ], [ -47.877143552493159, -16.020776659492324 ], [ -47.874913332086734, -16.024926103786363 ], [ -47.874877518052983, -16.027247916855774 ], [ -47.873536289316348, -16.028645929809791 ], [ -47.872582125771018, -16.031665255850768 ], [ -47.871770153857064, -16.031932451644597 ], [ -47.870697991209269, -16.034400655179262 ], [ -47.869579146709412, -16.03498671059868 ], [ -47.868495932088685, -16.037419661832857 ], [ -47.87258932397139, -16.038555401879808 ], [ -47.873026922092372, -16.039357439638991 ], [ -47.873898481055754, -16.038863559481964 ], [ -47.875743000811788, -16.039300685005841 ], [ -47.876473527868825, -16.040384737318309 ], [ -47.878902292122724, -16.041634991507024 ], [ -47.879110376078501, -16.042913677682638 ], [ -47.880736011434095, -16.0441007698162 ], [ -47.881592454446185, -16.046064484027614 ], [ -47.885253119771697, -16.047201091638911 ], [ -47.888161310401145, -16.04979361994776 ] ] ] } },
{ "type": "Feature", "properties": { "RA": "Sobradinho", "RS": "Norte", "Macro": "Macrorregião 3" }, "geometry": { "type": "Polygon", "coordinates": [ [ [ -47.763785248299747, -15.52733752937514 ], [ -47.762787527242921, -15.528647256306328 ], [ -47.761632188684644, -15.528146690379897 ], [ -47.761975070238705, -15.527267110762848 ], [ -47.760761839751964, -15.527561811270305 ], [ -47.760182825245685, -15.526892693561431 ], [ -47.76016839830222, -15.528458649923001 ], [ -47.759731769463428, -15.527471709745994 ], [ -47.759319375374375, -15.527657544745901 ], [ -47.7599266634559, -15.528665458271604 ], [ -47.758768728766462, -15.530831806965322 ], [ -47.756793682901325, -15.528335818960215 ], [ -47.755932992654564, -15.529221038083943 ], [ -47.755255034109645, -15.528673919631609 ], [ -47.754682769544409, -15.529561295910717 ], [ -47.753715092642267, -15.529637390683147 ], [ -47.75443079390385, -15.531072998062522 ], [ -47.753787536380038, -15.531886305781258 ], [ -47.754184960943199, -15.532265736461587 ], [ -47.753107979732221, -15.532295712485521 ], [ -47.753219802917101, -15.533455354743218 ], [ -47.752385420731756, -15.533366625021776 ], [ -47.752316863105904, -15.534246287670312 ], [ -47.751194919418325, -15.534959336665738 ], [ -47.75148420388927, -15.535766477120232 ], [ -47.750837870533921, -15.535859998046408 ], [ -47.751648192242698, -15.537257041833218 ], [ -47.750050190861877, -15.539046133843565 ], [ -47.752192938715829, -15.540969538555238 ], [ -47.751699964847468, -15.541414639981722 ], [ -47.751967174118619, -15.542839501942021 ], [ -47.75304184216774, -15.542007438624944 ], [ -47.753381364920955, -15.543972579306841 ], [ -47.754862865589203, -15.543867476151295 ], [ -47.756361593249665, -15.546451304353107 ], [ -47.756582271585735, -15.54887745791561 ], [ -47.75471040621413, -15.55080495085495 ], [ -47.755540263585402, -15.551660357280154 ], [ -47.755214777906822, -15.552594340595915 ], [ -47.756143562248738, -15.554259287871414 ], [ -47.758587777525513, -15.555303646167674 ], [ -47.759383003944265, -15.556759445476779 ], [ -47.763530983751835, -15.559310978910643 ], [ -47.764230342861772, -15.558077643694409 ], [ -47.766020659171886, -15.558623318457885 ], [ -47.767283624884342, -15.561055465031012 ], [ -47.766990637557797, -15.563395271292944 ], [ -47.766385188327654, -15.563744157581919 ], [ -47.766758397904013, -15.564551825586312 ], [ -47.765722145409711, -15.565172910602163 ], [ -47.764255742726426, -15.565018264538208 ], [ -47.763855556742094, -15.566338041056657 ], [ -47.762332435330094, -15.567807937741293 ], [ -47.763189100226057, -15.571418659910224 ], [ -47.760101243844844, -15.573009946182479 ], [ -47.76067749782824, -15.574625676976714 ], [ -47.760228599799305, -15.578008129368849 ], [ -47.761023966355239, -15.579480772181439 ], [ -47.764637459348549, -15.580530422685451 ], [ -47.765647692140647, -15.582328620424477 ], [ -47.765789767889352, -15.585538406615621 ], [ -47.764605459561487, -15.587626977568798 ], [ -47.769171210773408, -15.588813456762544 ], [ -47.768874696661058, -15.589577839029232 ], [ -47.767532133027913, -15.589904845885524 ], [ -47.764552247855633, -15.589756289142253 ], [ -47.763227813123237, -15.591410625070063 ], [ -47.77289549029576, -15.594006008397884 ], [ -47.780490935567521, -15.593358912801191 ], [ -47.781175683579363, -15.600810607687166 ], [ -47.773457850036664, -15.608987681854527 ], [ -47.760613979751135, -15.61736539156218 ], [ -47.759471877868584, -15.621046588153121 ], [ -47.759768762086836, -15.62492401668989 ], [ -47.753005154073222, -15.639614790895685 ], [ -47.737880343602008, -15.664603311962654 ], [ -47.744297651971905, -15.671430247000108 ], [ -47.740203957356947, -15.674688306231147 ], [ -47.740931798451285, -15.675453966344188 ], [ -47.742125150119115, -15.67527498287264 ], [ -47.744349121844429, -15.676217183698729 ], [ -47.745570677018911, -15.677757275189965 ], [ -47.74686211393599, -15.680727672359341 ], [ -47.746624373897731, -15.685748483138397 ], [ -47.741271010387408, -15.689135584244047 ], [ -47.7395341492266, -15.691678365839445 ], [ -47.731384486543675, -15.698503213941597 ], [ -47.729216743965267, -15.698650738730107 ], [ -47.721745506951216, -15.696885215778241 ], [ -47.718787590977527, -15.697832671712952 ], [ -47.716813861144281, -15.697322504145523 ], [ -47.715663736407926, -15.698482065948658 ], [ -47.714904321327985, -15.698242495201736 ], [ -47.70947710641984, -15.700344336617002 ], [ -47.704877630655531, -15.699860420326926 ], [ -47.704301694675728, -15.700418234564218 ], [ -47.701383415965644, -15.69919347755342 ], [ -47.69784137586835, -15.699262545988473 ], [ -47.692679057069505, -15.701257126721067 ], [ -47.692678280925094, -15.701945518244138 ], [ -47.691211251217759, -15.701964728742832 ], [ -47.689915019992014, -15.70307909196012 ], [ -47.685365082722349, -15.703414544541117 ], [ -47.680211874637116, -15.705247359892894 ], [ -47.678096343041325, -15.707250999320877 ], [ -47.676599425486167, -15.707092422071501 ], [ -47.67579576388691, -15.707741541208053 ], [ -47.674555689942835, -15.709926479632067 ], [ -47.674204697500073, -15.708918319098236 ], [ -47.673380421361685, -15.709347714050594 ], [ -47.672864429960789, -15.710693166230302 ], [ -47.674374164678426, -15.711524605161911 ], [ -47.675889806717365, -15.714073834269811 ], [ -47.675081516997771, -15.715873902255177 ], [ -47.673792777721488, -15.716496812821005 ], [ -47.673864379737843, -15.717248135283839 ], [ -47.675713066778485, -15.71750034327774 ], [ -47.676195645342375, -15.719232412333714 ], [ -47.675067645213147, -15.720605149221059 ], [ -47.676495974599739, -15.721274449999111 ], [ -47.676615760451298, -15.722548118589739 ], [ -47.673892187985778, -15.722062565411637 ], [ -47.674614926649298, -15.722349411882561 ], [ -47.674551644829116, -15.723062130574581 ], [ -47.676114146586535, -15.723642574469 ], [ -47.676750289453295, -15.725395888645023 ], [ -47.675404981466954, -15.727651614291677 ], [ -47.673935185846858, -15.728282332331425 ], [ -47.673678062859715, -15.729362989997856 ], [ -47.675469352045269, -15.730457168843184 ], [ -47.674753521426283, -15.731400951129874 ], [ -47.676284724082578, -15.732614465777289 ], [ -47.677200869128455, -15.73192293457975 ], [ -47.678890224682092, -15.733905449899062 ], [ -47.680519740759713, -15.733787200277654 ], [ -47.68177624489033, -15.7321161940637 ], [ -47.682931779281333, -15.732148757319266 ], [ -47.683517455693739, -15.731166627005724 ], [ -47.684887730556781, -15.731102871539361 ], [ -47.685132851153412, -15.73041374071903 ], [ -47.687524086489681, -15.729370533431313 ], [ -47.689475753699547, -15.726946247672267 ], [ -47.693000481464679, -15.725847974656341 ], [ -47.698365457496678, -15.72736649688142 ], [ -47.700894038053363, -15.72737320683307 ], [ -47.701047078638425, -15.728316784662848 ], [ -47.701792961496935, -15.728399440316544 ], [ -47.702647899830929, -15.72832770125345 ], [ -47.703149121131908, -15.726531239334175 ], [ -47.703870656951267, -15.726266404233753 ], [ -47.705076585931387, -15.727087954141707 ], [ -47.707673500433422, -15.726934935845893 ], [ -47.70927821402605, -15.727566947080009 ], [ -47.710213646799389, -15.726600615839056 ], [ -47.713338543414714, -15.728327998703513 ], [ -47.717968495423364, -15.727027185751776 ], [ -47.718678023462324, -15.725594087397498 ], [ -47.719509352274024, -15.725307910448985 ], [ -47.721124428831757, -15.726530411827703 ], [ -47.725406937641338, -15.726807724881256 ], [ -47.729244411177696, -15.728348631706627 ], [ -47.730768628534342, -15.72694821483357 ], [ -47.733197292176918, -15.726249177030478 ], [ -47.737543503218248, -15.728017281610466 ], [ -47.742580353423037, -15.727652818795503 ], [ -47.74440726979276, -15.724509452861742 ], [ -47.747940646537458, -15.723843198681765 ], [ -47.748084770445018, -15.72295599000814 ], [ -47.750076209665764, -15.721832077618982 ], [ -47.752076720972582, -15.719470884417801 ], [ -47.754270801256801, -15.718070450556455 ], [ -47.757466520150821, -15.717594805970158 ], [ -47.759561315036585, -15.714996409624137 ], [ -47.76166558535197, -15.714173103050426 ], [ -47.761874506537602, -15.713254881413555 ], [ -47.771901455026544, -15.72313501981899 ], [ -47.776668330945746, -15.72451477679892 ], [ -47.781353986586844, -15.723967391970962 ], [ -47.790073961795883, -15.727506987312596 ], [ -47.791529389761337, -15.724208139580655 ], [ -47.7938954695747, -15.721855419545978 ], [ -47.834115013053513, -15.694283712637521 ], [ -47.837570997241542, -15.692967912677448 ], [ -47.851550042500456, -15.692534902810314 ], [ -47.859501544916547, -15.688227457636716 ], [ -47.854779703339162, -15.687222924228713 ], [ -47.828893975876127, -15.678888099798847 ], [ -47.812587502615557, -15.668044253292193 ], [ -47.809042423517653, -15.666357568937503 ], [ -47.812311560821527, -15.662919726023317 ], [ -47.812802606006969, -15.659718276583067 ], [ -47.814576588250276, -15.657429023546316 ], [ -47.815455514297298, -15.657355827103949 ], [ -47.817437835617916, -15.653764178293347 ], [ -47.816485643874628, -15.65257252783956 ], [ -47.815974176389517, -15.649805497789172 ], [ -47.812838447888495, -15.646249065753361 ], [ -47.811841142751639, -15.644087272302123 ], [ -47.812255447557312, -15.643430868672574 ], [ -47.820235436449359, -15.640969138643698 ], [ -47.824662792310306, -15.630667814220365 ], [ -47.824796130146233, -15.626237612713835 ], [ -47.823644050675817, -15.62353793386907 ], [ -47.8210454617141, -15.621771976493813 ], [ -47.816659542442274, -15.621781899555275 ], [ -47.815755859724334, -15.620781796155972 ], [ -47.820163579311476, -15.611059330982386 ], [ -47.828760860822378, -15.604700320671677 ], [ -47.830068278768351, -15.602958762651259 ], [ -47.833946136068306, -15.602606643894843 ], [ -47.834196055465185, -15.59956189468083 ], [ -47.83582030741524, -15.598346056303631 ], [ -47.836773125284274, -15.593486544301859 ], [ -47.84303830755406, -15.59012684019371 ], [ -47.840968722988436, -15.588604027375654 ], [ -47.843436340276675, -15.587734719952941 ], [ -47.844023294093432, -15.586427680172841 ], [ -47.843947080126412, -15.581708096898826 ], [ -47.843056418488516, -15.581129016064081 ], [ -47.842947477997377, -15.57988730918116 ], [ -47.843501957716605, -15.578634815582758 ], [ -47.842552637887287, -15.5768839021458 ], [ -47.843826370806738, -15.573304337201673 ], [ -47.839542519914126, -15.571569966127733 ], [ -47.839266022062937, -15.570947679427871 ], [ -47.839140760081399, -15.568930718398455 ], [ -47.839805901463848, -15.568927009488929 ], [ -47.840035280881757, -15.567791542644313 ], [ -47.841179677061547, -15.56681552664916 ], [ -47.840849821079111, -15.565618049698168 ], [ -47.839242175385401, -15.564912994726912 ], [ -47.838989692196698, -15.562178235816083 ], [ -47.840290104181769, -15.561312002983945 ], [ -47.841088925658291, -15.55717389824485 ], [ -47.835410876868302, -15.548713928851431 ], [ -47.836571526266532, -15.540593733789537 ], [ -47.835821541700433, -15.531400549709835 ], [ -47.83477127279275, -15.530295754093549 ], [ -47.830269670275271, -15.529851768542319 ], [ -47.813102002813068, -15.523404531818949 ], [ -47.81000042466588, -15.523687792749161 ], [ -47.803527314747171, -15.525619680205274 ], [ -47.791135201828133, -15.524462407874131 ], [ -47.780966823479169, -15.528728388762831 ], [ -47.777635446400851, -15.529535047284311 ], [ -47.774673763791171, -15.529237778133011 ], [ -47.769797406595032, -15.526574879784061 ], [ -47.765507607058602, -15.527596509434719 ], [ -47.763785248299747, -15.52733752937514 ] ] ] } },
{ "type": "Feature", "properties": { "RA": "Sobradinho II", "RS": "Norte", "Macro": "Macrorregião 3" }, "geometry": { "type": "Polygon", "coordinates": [ [ [ -47.975959702491807, -15.50242998097365 ], [ -47.974017006756682, -15.50706301309404 ], [ -47.9734476365633, -15.519745878701608 ], [ -47.968994937431567, -15.524961522578383 ], [ -47.970459929759848, -15.528349752183349 ], [ -47.970273305657877, -15.529688877845357 ], [ -47.967084685251244, -15.531952506917063 ], [ -47.965250406289449, -15.537569067214529 ], [ -47.958335266860452, -15.542190523913309 ], [ -47.950425837939015, -15.550821583567972 ], [ -47.952084039020292, -15.553594032682772 ], [ -47.950886306268821, -15.558787727547738 ], [ -47.955774960502879, -15.565346237284393 ], [ -47.954365083410536, -15.570362285846603 ], [ -47.951229080025037, -15.575307166925729 ], [ -47.950398862429353, -15.575654989421583 ], [ -47.94866890841476, -15.575071909287704 ], [ -47.947032236357593, -15.57329704847543 ], [ -47.943724110373751, -15.57471301477109 ], [ -47.938320110627501, -15.57326539793805 ], [ -47.935866998436147, -15.578588444282937 ], [ -47.931520823327446, -15.581618794382425 ], [ -47.926471543134056, -15.586592818092392 ], [ -47.913466817818808, -15.591190611001215 ], [ -47.90229127891601, -15.593861696940387 ], [ -47.900186524408689, -15.593165112779971 ], [ -47.896211140611591, -15.590246121302856 ], [ -47.890092964943108, -15.593347260456895 ], [ -47.885106479683031, -15.592445708604615 ], [ -47.88518502208327, -15.593337659623819 ], [ -47.886885993751847, -15.593278665021254 ], [ -47.886939683361433, -15.593909034736745 ], [ -47.88613505068335, -15.594154709158587 ], [ -47.886484964249448, -15.594569221510628 ], [ -47.887367877918017, -15.593897865232828 ], [ -47.88821601870027, -15.594511316607687 ], [ -47.887569314340702, -15.594731392876687 ], [ -47.888491211299346, -15.597236430498119 ], [ -47.889921076805066, -15.598641492549831 ], [ -47.889776992423386, -15.600256026722432 ], [ -47.891539715182908, -15.603928243329827 ], [ -47.891198597021763, -15.604993225703359 ], [ -47.8921013805261, -15.606019159614625 ], [ -47.891741621424487, -15.606917589049534 ], [ -47.892234711175512, -15.607626064440332 ], [ -47.891931549530064, -15.608374197621158 ], [ -47.890310753398907, -15.608895489370694 ], [ -47.88848221826504, -15.61053264601485 ], [ -47.8860690029504, -15.616146352960076 ], [ -47.883781991950023, -15.617530444023473 ], [ -47.880318487964765, -15.616055480462316 ], [ -47.877846679137406, -15.616613801157921 ], [ -47.877219081943934, -15.617323224992605 ], [ -47.876433509719554, -15.615523619975566 ], [ -47.874867064358028, -15.614053494681794 ], [ -47.873562509342861, -15.61366709027849 ], [ -47.872047643448333, -15.61425031256141 ], [ -47.870333953431953, -15.613256840260307 ], [ -47.870522606828146, -15.612162442545202 ], [ -47.869133961417546, -15.613778589382358 ], [ -47.868476170050755, -15.618353647018557 ], [ -47.867056854359717, -15.619926648985839 ], [ -47.865252487500257, -15.620057495250514 ], [ -47.865903118395927, -15.618435357467913 ], [ -47.86560567542557, -15.617071808620477 ], [ -47.861606338051423, -15.613289214834477 ], [ -47.86119045490581, -15.611238387072929 ], [ -47.860378307820376, -15.610542328235404 ], [ -47.860380024500884, -15.609334582113393 ], [ -47.861629142683228, -15.608949410359319 ], [ -47.861523843962253, -15.606751899913322 ], [ -47.862153635739965, -15.605850863773385 ], [ -47.861548422766745, -15.604745894413371 ], [ -47.862856995946181, -15.602012644259 ], [ -47.861453926287062, -15.601752225575824 ], [ -47.859020875272634, -15.603116834077086 ], [ -47.857812237871933, -15.601407705686626 ], [ -47.858728831177139, -15.599010720204355 ], [ -47.857112886846835, -15.598845133701479 ], [ -47.856482278500536, -15.597527653786448 ], [ -47.855999394509446, -15.598110222851563 ], [ -47.852651618685606, -15.59760971949188 ], [ -47.851264407884514, -15.596505680876007 ], [ -47.849197554197346, -15.597069785245333 ], [ -47.847276948933377, -15.595988319583327 ], [ -47.845956641959702, -15.596629616719797 ], [ -47.844442413869011, -15.595440445064135 ], [ -47.84326646705982, -15.595410960180518 ], [ -47.840584314115425, -15.598744549130471 ], [ -47.835981703230765, -15.598308462029403 ], [ -47.834480673188224, -15.599202439892126 ], [ -47.833946136068306, -15.602606643894843 ], [ -47.830068278768351, -15.602958762651259 ], [ -47.828760860822378, -15.604700320671677 ], [ -47.820163579311476, -15.611059330982386 ], [ -47.815755859724334, -15.620781796155972 ], [ -47.816659542442274, -15.621781899555275 ], [ -47.8210454617141, -15.621771976493813 ], [ -47.823644050675817, -15.62353793386907 ], [ -47.824796130146233, -15.626237612713835 ], [ -47.824662792310306, -15.630667814220365 ], [ -47.820235436449359, -15.640969138643698 ], [ -47.812255447557312, -15.643430868672574 ], [ -47.811841142751639, -15.644087272302123 ], [ -47.812838447888495, -15.646249065753361 ], [ -47.815974176389517, -15.649805497789172 ], [ -47.816485643874628, -15.65257252783956 ], [ -47.817437835617916, -15.653764178293347 ], [ -47.815455514297298, -15.657355827103949 ], [ -47.814576588250276, -15.657429023546316 ], [ -47.812802606006969, -15.659718276583067 ], [ -47.812311560821527, -15.662919726023317 ], [ -47.809042423517653, -15.666357568937503 ], [ -47.812587502615557, -15.668044253292193 ], [ -47.828893975876127, -15.678888099798847 ], [ -47.854779703339162, -15.687222924228713 ], [ -47.859501544916547, -15.688227457636716 ], [ -47.883660077091243, -15.667802578744347 ], [ -47.956570863353036, -15.614323867887634 ], [ -48.002398334029074, -15.579602297163236 ], [ -48.006149755249417, -15.578124022015542 ], [ -48.010216942376971, -15.578186658757444 ], [ -48.013492935623091, -15.579495786176681 ], [ -48.016998852666177, -15.582402411304397 ], [ -48.024878075736183, -15.573009039308928 ], [ -48.034708559977545, -15.565676179085704 ], [ -48.035378337565177, -15.563910610924021 ], [ -48.033623281028291, -15.559140028712761 ], [ -48.034187811997235, -15.556224556543548 ], [ -48.035910906476317, -15.554202592715249 ], [ -48.042151617739449, -15.550373512400837 ], [ -48.043310881935511, -15.548835839822202 ], [ -48.043877172704093, -15.54663974022011 ], [ -48.042098511136487, -15.541809491348369 ], [ -48.033479399665858, -15.533905372870537 ], [ -48.0317780057891, -15.531453868720748 ], [ -48.032412488569214, -15.530609167913489 ], [ -48.035226497129337, -15.531493559368284 ], [ -48.037912545168801, -15.52766636793795 ], [ -48.038971224104181, -15.525110852287924 ], [ -48.03976077945854, -15.519417662834671 ], [ -48.0394179104809, -15.516630349943958 ], [ -48.03415016899357, -15.504774630253889 ], [ -48.034776041421686, -15.50241218527359 ], [ -47.975959702491807, -15.50242998097365 ] ] ] } },
{ "type": "Feature", "properties": { "RA": "Pôr do Sol/ Sol Nascente", "RS": "Oeste", "Macro": "Macrorregião 1" }, "geometry": { "type": "Polygon", "coordinates": [ [ [ -48.107353618290084, -15.859447897041369 ], [ -48.109835816133717, -15.862256349858603 ], [ -48.109498698170519, -15.86367242141041 ], [ -48.111004491080678, -15.866803229852463 ], [ -48.113773978237006, -15.867764665229544 ], [ -48.116725693140282, -15.867646326992885 ], [ -48.117694664514758, -15.866889450398775 ], [ -48.12028991803183, -15.866884554470481 ], [ -48.121315183231907, -15.865433636647925 ], [ -48.124536860742687, -15.86748555859079 ], [ -48.130268205680153, -15.864039928308921 ], [ -48.13104904557963, -15.864544646599498 ], [ -48.132411060433625, -15.863067695454037 ], [ -48.135300678394572, -15.864343678664369 ], [ -48.142375319990471, -15.860996608293076 ], [ -48.14413175633964, -15.858643790341961 ], [ -48.145237630963408, -15.858620950670518 ], [ -48.146098515246273, -15.856957764392277 ], [ -48.147317005369011, -15.857080623122489 ], [ -48.148260359486528, -15.855925702650675 ], [ -48.14992292997335, -15.855803995111001 ], [ -48.149940395019094, -15.854912827322012 ], [ -48.15095877732746, -15.854156954597384 ], [ -48.152951815549422, -15.854305652043976 ], [ -48.153714197764742, -15.855097586485208 ], [ -48.155191673082221, -15.854522368600508 ], [ -48.15852434822613, -15.854877757048516 ], [ -48.161384885026386, -15.852508449728781 ], [ -48.162509115824683, -15.852750012517596 ], [ -48.16370064840406, -15.851701172439766 ], [ -48.164996029823541, -15.853179493535697 ], [ -48.166872280770349, -15.85331714358172 ], [ -48.16785895973571, -15.852640720034506 ], [ -48.168859884184847, -15.853005507683662 ], [ -48.168919641914179, -15.85395617074359 ], [ -48.171144337681611, -15.854549009232006 ], [ -48.172064167616774, -15.855526413538502 ], [ -48.174211064789027, -15.855625298517747 ], [ -48.175380025400258, -15.857059584987425 ], [ -48.176427630803133, -15.855872654200404 ], [ -48.175986295690571, -15.855306575063578 ], [ -48.177168086040687, -15.852055079514734 ], [ -48.176756981932385, -15.85148790255969 ], [ -48.178063145830215, -15.847995178259293 ], [ -48.180359559496672, -15.846685117443572 ], [ -48.180233428844254, -15.846153495823442 ], [ -48.181424920101136, -15.845314513090404 ], [ -48.18187714998146, -15.845814316113362 ], [ -48.182800774400391, -15.845127999322202 ], [ -48.183210469052021, -15.845730491570523 ], [ -48.184265963459723, -15.844362611561904 ], [ -48.185118304764231, -15.84499628926824 ], [ -48.185881161290027, -15.844519771409551 ], [ -48.186988076162905, -15.839795157247917 ], [ -48.188683197104041, -15.83851051496598 ], [ -48.190159137200688, -15.835890552129722 ], [ -48.189071556767665, -15.834818256646779 ], [ -48.188774132661933, -15.832183553018545 ], [ -48.187985964306378, -15.831548608752898 ], [ -48.188150235629124, -15.830750444943398 ], [ -48.186733312151695, -15.827755786241324 ], [ -48.183200970266213, -15.822472268914831 ], [ -48.183594684787252, -15.821445812114115 ], [ -48.184503018083419, -15.821350380498346 ], [ -48.1845861418916, -15.819349929276934 ], [ -48.186245930295982, -15.816128194635326 ], [ -48.187841590667176, -15.814758869615764 ], [ -48.188952430279521, -15.81480871189529 ], [ -48.190852478496538, -15.811983454546409 ], [ -48.190993960458833, -15.807585821552806 ], [ -48.19008010521862, -15.806873360730103 ], [ -48.188604977198992, -15.802091023368297 ], [ -48.188555298567152, -15.79800936722239 ], [ -48.184652063860412, -15.79911916533727 ], [ -48.1819045288347, -15.799100921755588 ], [ -48.163942104772644, -15.793962187556964 ], [ -48.159147223874463, -15.809501947969331 ], [ -48.158009443786739, -15.81023859217523 ], [ -48.155904686584471, -15.809627173585232 ], [ -48.155459827381051, -15.810407090055786 ], [ -48.154226850127721, -15.809340464280004 ], [ -48.15101261965065, -15.808436384016851 ], [ -48.147772566202413, -15.808891906635607 ], [ -48.146102514545923, -15.808438346066612 ], [ -48.145899205135876, -15.809108243196572 ], [ -48.140967650957094, -15.810280520023168 ], [ -48.136797919343238, -15.809080923254957 ], [ -48.134723039209, -15.815019185558421 ], [ -48.133298940887407, -15.814516584639454 ], [ -48.132665284557341, -15.816150205056971 ], [ -48.131608464236287, -15.815783235889745 ], [ -48.130806306416808, -15.817880085677549 ], [ -48.131842799659623, -15.818250119295207 ], [ -48.131250632020958, -15.819694891446099 ], [ -48.128696561768088, -15.818788841922661 ], [ -48.126706422409541, -15.823999141874902 ], [ -48.125667928618604, -15.823863611785503 ], [ -48.12420360463689, -15.825933309886747 ], [ -48.123765887039973, -15.828358860962677 ], [ -48.121132730007808, -15.826388359238543 ], [ -48.11925065797795, -15.828888767213375 ], [ -48.11801429856758, -15.828162935358892 ], [ -48.115121928168591, -15.832159579066001 ], [ -48.116399858017061, -15.834238325375976 ], [ -48.122627974899906, -15.838695299513848 ], [ -48.124085326158379, -15.836921763946311 ], [ -48.127353737623501, -15.839098876419126 ], [ -48.130286657076084, -15.841257857001892 ], [ -48.130420713564249, -15.842620824368606 ], [ -48.120491964410597, -15.85547364409978 ], [ -48.113412776441045, -15.850417418231421 ], [ -48.110837391861423, -15.853810771481031 ], [ -48.111303481848275, -15.854151472470626 ], [ -48.109902686723458, -15.856526033436978 ], [ -48.107353618290084, -15.859447897041369 ] ] ] } },
{ "type": "Feature", "properties": { "RA": "São Sebastião", "RS": "Leste", "Macro": "Macrorregião 3" }, "geometry": { "type": "Polygon", "coordinates": [ [ [ -47.707221610116271, -15.893564243278277 ], [ -47.70698693063818, -15.894198164602541 ], [ -47.704052111248771, -15.892331073928833 ], [ -47.702963714247154, -15.895515676728975 ], [ -47.701522117642142, -15.89423267336257 ], [ -47.700564118290544, -15.894762149073783 ], [ -47.700701805769086, -15.895755714900513 ], [ -47.702669108156464, -15.897710569099766 ], [ -47.699138091286024, -15.897293695712259 ], [ -47.699834981825568, -15.900113700557096 ], [ -47.69815261785979, -15.899245316752237 ], [ -47.697403157909818, -15.90003862100653 ], [ -47.697596080100226, -15.901794141049676 ], [ -47.698760565304724, -15.902612368436431 ], [ -47.69860939141882, -15.903499382218289 ], [ -47.696414083137597, -15.903375785492999 ], [ -47.696718298506887, -15.905436503423097 ], [ -47.693209675738153, -15.904793211950537 ], [ -47.694049650834472, -15.907223542968454 ], [ -47.692910269948911, -15.907177218929517 ], [ -47.691692643107153, -15.906004562600312 ], [ -47.692276392633289, -15.904687436239005 ], [ -47.691670502330346, -15.903956315273271 ], [ -47.691189571276688, -15.905724192355366 ], [ -47.689911284797063, -15.906658294969883 ], [ -47.689405027540602, -15.908701607764627 ], [ -47.688417142137808, -15.908157871872916 ], [ -47.688779032941603, -15.906140227543965 ], [ -47.687689106109062, -15.906437549897133 ], [ -47.68687224646164, -15.909042695372722 ], [ -47.688033060251563, -15.91159275784284 ], [ -47.685465213435492, -15.911345532800423 ], [ -47.684804813361112, -15.909566763784026 ], [ -47.683502096299016, -15.910234249999762 ], [ -47.682166816206191, -15.909881715951977 ], [ -47.681916068562614, -15.911199520998439 ], [ -47.680390194712587, -15.911372983162849 ], [ -47.680620670973461, -15.912525783557154 ], [ -47.682481758358286, -15.914522308333135 ], [ -47.684676994774279, -15.914774542583137 ], [ -47.683130622267782, -15.915295688224186 ], [ -47.682255979388032, -15.916780064733278 ], [ -47.682288609792415, -15.921224131400376 ], [ -47.681462734652804, -15.921355265515887 ], [ -47.680959301699602, -15.919932836621005 ], [ -47.68136291116349, -15.918988567540005 ], [ -47.680612189080556, -15.918864581233272 ], [ -47.679230313373935, -15.921430892562926 ], [ -47.677814693351984, -15.922194965501911 ], [ -47.677460897267231, -15.923472323995759 ], [ -47.675333737878397, -15.924134367587207 ], [ -47.677184167650694, -15.927150851614732 ], [ -47.67726363351904, -15.928602289287461 ], [ -47.676427460991334, -15.930224560532942 ], [ -47.674488981049834, -15.928117895101156 ], [ -47.671990805770577, -15.92746370129923 ], [ -47.671498600860097, -15.929069415368893 ], [ -47.669828210538739, -15.928955048766069 ], [ -47.671131968748249, -15.930684296357514 ], [ -47.66828297799433, -15.934333456546074 ], [ -47.669603371206279, -15.936934985468577 ], [ -47.668301754580405, -15.938156734855289 ], [ -47.668315616483554, -15.941210392097963 ], [ -47.669233866282148, -15.942986610843203 ], [ -47.66638328371355, -15.942903489277848 ], [ -47.666796993834502, -15.944083323909004 ], [ -47.668798911903039, -15.945539343958444 ], [ -47.666617071164552, -15.951890344310739 ], [ -47.665179490028855, -15.952983929517428 ], [ -47.66383060584937, -15.95246442866069 ], [ -47.662551148864921, -15.953947435939671 ], [ -47.660587592452273, -15.953876500756776 ], [ -47.659667107645262, -15.955097979369004 ], [ -47.659829373029972, -15.955809170622459 ], [ -47.661456184280276, -15.956616227851544 ], [ -47.662089377079646, -15.958775381221379 ], [ -47.66330384454654, -15.958882239142717 ], [ -47.663346003381143, -15.960556741326092 ], [ -47.66197756647118, -15.962394883682006 ], [ -47.659290002075515, -15.963666254847285 ], [ -47.654428316164591, -15.968210096217886 ], [ -47.650885540347083, -15.969238991415796 ], [ -47.647630356574524, -15.968197111189744 ], [ -47.642316287171361, -15.963058895810164 ], [ -47.637203611071747, -15.960309982535836 ], [ -47.632315308078965, -15.955387215725972 ], [ -47.631093650496524, -15.953322843916446 ], [ -47.63039851257011, -15.949132376167103 ], [ -47.62894536452886, -15.94705628975661 ], [ -47.617974600188333, -15.938935586456187 ], [ -47.610140646818756, -15.936867808657425 ], [ -47.608137277971025, -15.93741108762422 ], [ -47.606425255227826, -15.939008955007923 ], [ -47.587288269558748, -15.969738415625001 ], [ -47.588810436959903, -15.973802730432269 ], [ -47.614164298892689, -16.014010736014029 ], [ -47.617283966414746, -16.049813488809143 ], [ -47.721259862437257, -16.049867763639206 ], [ -47.722575649986737, -16.043938765907221 ], [ -47.72763885047376, -16.040462384495942 ], [ -47.727441080974067, -16.035635516901763 ], [ -47.730427475338892, -16.031008156794943 ], [ -47.731726501223484, -16.030157623615612 ], [ -47.733993889424788, -16.031868112710111 ], [ -47.760711194532867, -16.030560397783137 ], [ -47.759844248418467, -16.029356538288493 ], [ -47.759720182992901, -16.027490261365099 ], [ -47.760728161911956, -16.024813380624263 ], [ -47.76360965281453, -16.021636732909908 ], [ -47.764569412864084, -16.019286603886286 ], [ -47.762442803244213, -16.01413403051356 ], [ -47.762585329048875, -16.009372984089154 ], [ -47.766010561209782, -16.006708618369771 ], [ -47.769400080846559, -16.000758770501868 ], [ -47.779695460315438, -15.989004666060618 ], [ -47.778316915561902, -15.986250341294465 ], [ -47.778550923998466, -15.984931690021925 ], [ -47.775025353613593, -15.983020707044345 ], [ -47.773120194880939, -15.98346469341358 ], [ -47.771917922942329, -15.982947742361514 ], [ -47.768731206964098, -15.981134349432153 ], [ -47.767679951706228, -15.979635296496625 ], [ -47.765159401189862, -15.979167477330277 ], [ -47.762966026981452, -15.975457634040115 ], [ -47.759676679380313, -15.973122242149485 ], [ -47.761654337546304, -15.972360968839915 ], [ -47.764259600990584, -15.969396590866088 ], [ -47.768148103326659, -15.968606332197878 ], [ -47.772932948246485, -15.965574607938551 ], [ -47.774879769943709, -15.965724102194987 ], [ -47.776792693713681, -15.964532252629613 ], [ -47.787591332760925, -15.962016537773039 ], [ -47.790276967575373, -15.95984898367861 ], [ -47.791514625949638, -15.959715727591233 ], [ -47.793957737196934, -15.957121042800711 ], [ -47.793311335569619, -15.954998838408573 ], [ -47.794056581522582, -15.954126376840332 ], [ -47.794064769666399, -15.95283623438333 ], [ -47.797468700975287, -15.948613641829249 ], [ -47.800513597224672, -15.946287109114925 ], [ -47.803421554292143, -15.941902831869863 ], [ -47.805044916011745, -15.941333719367973 ], [ -47.8057188734604, -15.93969154064593 ], [ -47.807461428143483, -15.938769472092073 ], [ -47.804539354051322, -15.931316702094216 ], [ -47.802482018912904, -15.930630106644054 ], [ -47.799993412488043, -15.928351750814141 ], [ -47.795688511373378, -15.926782087346657 ], [ -47.789870256228795, -15.925938493366626 ], [ -47.778841624214294, -15.923123680620558 ], [ -47.77738283026148, -15.920366031470872 ], [ -47.776657598773042, -15.916889172955463 ], [ -47.772470373367334, -15.912463813040304 ], [ -47.775737912568317, -15.913290833731615 ], [ -47.778148546124832, -15.912882582319384 ], [ -47.780602827922678, -15.913497458789326 ], [ -47.78198216229535, -15.912942682382441 ], [ -47.784636429736707, -15.908382344560138 ], [ -47.786533198204609, -15.907198157662528 ], [ -47.789954780510513, -15.906311925630277 ], [ -47.790472938647852, -15.903851301972018 ], [ -47.793833642126948, -15.902244771237257 ], [ -47.79432398123658, -15.900740187742821 ], [ -47.792963094666582, -15.89767528942275 ], [ -47.794462274179622, -15.896810001029865 ], [ -47.792778580707221, -15.893209185709571 ], [ -47.795359861828366, -15.891693433325706 ], [ -47.793741077025132, -15.890415101364622 ], [ -47.795317628433594, -15.888947210511196 ], [ -47.795128693864726, -15.886877498749849 ], [ -47.796417704432208, -15.885907098925667 ], [ -47.796063280425074, -15.883085187700933 ], [ -47.795136973636701, -15.881815161382864 ], [ -47.795476141555376, -15.879604935330116 ], [ -47.797946673876709, -15.881000324557398 ], [ -47.802214404501548, -15.880939617043268 ], [ -47.801524113884405, -15.879684672734991 ], [ -47.79998811422449, -15.8791394284475 ], [ -47.799045432945121, -15.877467874715911 ], [ -47.794834873799914, -15.875113742113497 ], [ -47.791690075907781, -15.87486658976113 ], [ -47.787374554011507, -15.876605400068055 ], [ -47.784900326021088, -15.879389911598219 ], [ -47.778377442249116, -15.882029213954441 ], [ -47.777256776864185, -15.884712652638346 ], [ -47.773940433990447, -15.885692941611447 ], [ -47.772902036319238, -15.888065506638849 ], [ -47.77102140608541, -15.89017723493901 ], [ -47.770941128140045, -15.891353749644837 ], [ -47.768333754553154, -15.893211009563066 ], [ -47.768033224971489, -15.89512208791262 ], [ -47.766900170920479, -15.896848999344437 ], [ -47.764973449926053, -15.898023004992762 ], [ -47.764430663576867, -15.899677586838331 ], [ -47.763185261724857, -15.900450406117182 ], [ -47.761495412996119, -15.903066502633733 ], [ -47.75913800102694, -15.901080155364141 ], [ -47.757302772545877, -15.902539022874274 ], [ -47.755371533025574, -15.902379002854772 ], [ -47.754345153914556, -15.90298774555418 ], [ -47.750816413375041, -15.901496999305825 ], [ -47.748481715307811, -15.901094458791992 ], [ -47.746826967350493, -15.901515255231439 ], [ -47.746394927106181, -15.900812530058746 ], [ -47.744487119241747, -15.900502504584752 ], [ -47.743036215192063, -15.899504458435572 ], [ -47.742062729783285, -15.900265572778626 ], [ -47.7420396853013, -15.898970550175681 ], [ -47.740353349883648, -15.898480302118642 ], [ -47.738283544332454, -15.898414639054248 ], [ -47.736564629714394, -15.899206991055571 ], [ -47.734935204366607, -15.898362400085363 ], [ -47.733917160723109, -15.898575002625314 ], [ -47.730130464458185, -15.895898589629905 ], [ -47.72746821189228, -15.892862285190763 ], [ -47.724667014206432, -15.892031787630243 ], [ -47.723513240513391, -15.891045383134767 ], [ -47.722513959981221, -15.891610430501382 ], [ -47.720275982622326, -15.891131387676042 ], [ -47.717799312112646, -15.892252240071956 ], [ -47.714816022325444, -15.892192738611545 ], [ -47.714067733778613, -15.893055028990471 ], [ -47.71462729975898, -15.894251599525424 ], [ -47.713602934670824, -15.894335781445067 ], [ -47.713620486853159, -15.893254187626628 ], [ -47.712600435474997, -15.892524922402522 ], [ -47.710355500664214, -15.89394539134037 ], [ -47.710239925216399, -15.894688373848181 ], [ -47.709251938303993, -15.893840517096272 ], [ -47.7095813226709, -15.893158447843893 ], [ -47.707221610116271, -15.893564243278277 ] ] ] } },
{ "type": "Feature", "properties": { "RA": "Taguatinga", "RS": "Sudoeste", "Macro": "Macrorregião 1" }, "geometry": { "type": "Polygon", "coordinates": [ [ [ -48.047619684433457, -15.753706058036361 ], [ -48.045028988069816, -15.762928281251099 ], [ -48.045287092017247, -15.771323714061699 ], [ -48.046808417696994, -15.776690308314747 ], [ -48.053457969313925, -15.792248329183513 ], [ -48.051549056521687, -15.791860184455791 ], [ -48.056385427009587, -15.804824093685637 ], [ -48.05633954196319, -15.805730993174805 ], [ -48.054314364715303, -15.80707156895037 ], [ -48.056305365558202, -15.808102332234668 ], [ -48.054815091044567, -15.811830919461755 ], [ -48.054859905299146, -15.814218202782788 ], [ -48.054277625416816, -15.814215674663139 ], [ -48.05148858822497, -15.825834182200461 ], [ -48.053945023284562, -15.826995203620106 ], [ -48.052973399185049, -15.82885685644551 ], [ -48.051012533226675, -15.830505693562639 ], [ -48.048888614061077, -15.83579157538165 ], [ -48.045457478172132, -15.834334488957426 ], [ -48.0368461946209, -15.850519426193241 ], [ -48.033095974448088, -15.848959346774697 ], [ -48.02897053786257, -15.858703789941728 ], [ -48.03020635738546, -15.859330725671921 ], [ -48.025516812039172, -15.868004777093292 ], [ -48.030615637913733, -15.870539770799825 ], [ -48.027764452575589, -15.875907725569666 ], [ -48.043179038896206, -15.873783346416744 ], [ -48.047454640559572, -15.875391590495484 ], [ -48.047707039306623, -15.8750407632582 ], [ -48.03746791234083, -15.868194994773722 ], [ -48.039916434141077, -15.863628620035659 ], [ -48.043682597613554, -15.863384242926866 ], [ -48.046241475649822, -15.860116257144751 ], [ -48.047977036050106, -15.859677918976608 ], [ -48.050235141061265, -15.855469855719141 ], [ -48.060703362679028, -15.85869455418343 ], [ -48.064381321472069, -15.857204789207314 ], [ -48.067641253739218, -15.85162376668843 ], [ -48.069490041391163, -15.852133748491157 ], [ -48.073104989655242, -15.847388600049523 ], [ -48.074504714886544, -15.847898267626736 ], [ -48.075353018263847, -15.84360109332963 ], [ -48.076596168039451, -15.843811774658906 ], [ -48.079792154631427, -15.846066023725314 ], [ -48.082893707625779, -15.846954614728666 ], [ -48.083421328616339, -15.848521087201263 ], [ -48.087656512380114, -15.851235010038392 ], [ -48.090701381680034, -15.845917808468371 ], [ -48.090678668676397, -15.841479355348184 ], [ -48.091892387846663, -15.841891400132097 ], [ -48.093303205475102, -15.837730082084926 ], [ -48.08787152414336, -15.835871286897657 ], [ -48.093306924500375, -15.821815302487709 ], [ -48.092470732209733, -15.821511165766074 ], [ -48.094021484901553, -15.816801577967345 ], [ -48.096671694652755, -15.811697139254997 ], [ -48.101453900322284, -15.805312016909838 ], [ -48.107603916776021, -15.798838620601503 ], [ -48.108595584984471, -15.79954638328879 ], [ -48.112417111627899, -15.794522139635625 ], [ -48.111023646755804, -15.794013494930326 ], [ -48.108258507445456, -15.790135468507689 ], [ -48.10726451529537, -15.790499782007711 ], [ -48.102997952480408, -15.786070907678335 ], [ -48.103591391235192, -15.780916047645324 ], [ -48.102653806996742, -15.780408537535889 ], [ -48.102509084811217, -15.779246991289471 ], [ -48.103757833785977, -15.775671389348904 ], [ -48.105064780116429, -15.775305493997696 ], [ -48.105258646436212, -15.773693509878216 ], [ -48.106381963647863, -15.772277752174116 ], [ -48.111201319145962, -15.77124562658641 ], [ -48.111915525610918, -15.770436889037036 ], [ -48.108668889308284, -15.769036289352197 ], [ -48.107753933631841, -15.769288367388214 ], [ -48.105231716740626, -15.767570737760414 ], [ -48.100356559693708, -15.765652308550131 ], [ -48.098898232864833, -15.765273138530182 ], [ -48.097362376935372, -15.765888186216504 ], [ -48.094516022736819, -15.765015110172605 ], [ -48.08862607125279, -15.761550189027734 ], [ -48.081576704655724, -15.759314231404574 ], [ -48.079884585884272, -15.757940884395078 ], [ -48.076916729153645, -15.757106375823902 ], [ -48.072590439152073, -15.759022527310659 ], [ -48.071253878959965, -15.758665474829007 ], [ -48.068799793893163, -15.759438524924855 ], [ -48.066428916177863, -15.756904845525154 ], [ -48.065661842061807, -15.754221847486939 ], [ -48.067115992622917, -15.751408984052453 ], [ -48.066788640245178, -15.750257267310626 ], [ -48.067735125889776, -15.749666343610508 ], [ -48.068474441165236, -15.746962196059229 ], [ -48.072509783914285, -15.741366383892423 ], [ -48.072251331420524, -15.739805690035526 ], [ -48.073672830017692, -15.737588246282924 ], [ -48.072907732195254, -15.736457251140223 ], [ -48.061902565972616, -15.738502395489856 ], [ -48.05589203632293, -15.74149366616084 ], [ -48.050619240913818, -15.747123677556752 ], [ -48.047619684433457, -15.753706058036361 ] ] ] } },
{ "type": "Feature", "properties": { "RA": "Varjão", "RS": "Central", "Macro": "Macrorregião 2" }, "geometry": { "type": "Polygon", "coordinates": [ [ [ -47.881545923511105, -15.704834615425023 ], [ -47.876878209921166, -15.707440166792557 ], [ -47.872312901578681, -15.707983435659042 ], [ -47.871580529382058, -15.709542774645808 ], [ -47.874079967692602, -15.71135405787623 ], [ -47.873413962130847, -15.712569284051664 ], [ -47.870777687944646, -15.7135376837835 ], [ -47.870507631014043, -15.714608367147925 ], [ -47.871230910463368, -15.715538349128044 ], [ -47.86809866922227, -15.716459215192121 ], [ -47.869677674828097, -15.719511591880755 ], [ -47.8749841471789, -15.71636368748867 ], [ -47.87438212322494, -15.715796535414217 ], [ -47.875051626826419, -15.715287820615051 ], [ -47.877048979656685, -15.715079383721964 ], [ -47.878266069305894, -15.713994103406954 ], [ -47.87847595707877, -15.712043082872551 ], [ -47.879990287577399, -15.712215225907698 ], [ -47.880709511133212, -15.711387392353709 ], [ -47.881816268800904, -15.711476436751585 ], [ -47.888119292602049, -15.708957489393072 ], [ -47.88956915730094, -15.707317174100211 ], [ -47.891149762806286, -15.707511789554161 ], [ -47.891975506791866, -15.706974573692642 ], [ -47.884735686574786, -15.701465507708338 ], [ -47.881545923511105, -15.704834615425023 ] ] ] } },
{ "type": "Feature", "properties": { "RA": "Vicente Pires", "RS": "Sudoeste", "Macro": "Macrorregião 1" }, "geometry": { "type": "Polygon", "coordinates": [ [ [ -48.004728358161877, -15.754753508232451 ], [ -48.005035665532361, -15.757531239065097 ], [ -48.006822136154746, -15.760918027560859 ], [ -48.007293712153029, -15.764774471415004 ], [ -48.006559715802375, -15.766163675892658 ], [ -48.006792516004872, -15.769054587510491 ], [ -48.006134630314982, -15.770617949227047 ], [ -48.00678764444109, -15.776286660532463 ], [ -48.004127081606235, -15.782972212823111 ], [ -48.004159283514227, -15.784571982104298 ], [ -48.003018567732148, -15.786245034980631 ], [ -47.995810145430887, -15.78632323424263 ], [ -47.98973490204645, -15.78728095686208 ], [ -47.99287019935614, -15.810977719507365 ], [ -47.99592439496535, -15.811264037545504 ], [ -48.016204201169202, -15.818694920705385 ], [ -48.035044585589354, -15.82956585802002 ], [ -48.050334854057809, -15.831856716241534 ], [ -48.053945023284562, -15.826995203620106 ], [ -48.05148858822497, -15.825834182200461 ], [ -48.054277625416816, -15.814215674663139 ], [ -48.054859905299146, -15.814218202782788 ], [ -48.054815091044567, -15.811830919461755 ], [ -48.056305365558202, -15.808102332234668 ], [ -48.054314364715303, -15.80707156895037 ], [ -48.05633954196319, -15.805730993174805 ], [ -48.056385427009587, -15.804824093685637 ], [ -48.051549056521687, -15.791860184455791 ], [ -48.053457969313925, -15.792248329183513 ], [ -48.046808417696994, -15.776690308314747 ], [ -48.045287092017247, -15.771323714061699 ], [ -48.045028988069816, -15.762928281251099 ], [ -48.047619684433457, -15.753706058036361 ], [ -48.017187413535886, -15.751558819559895 ], [ -48.004728358161877, -15.754753508232451 ] ] ] } },
{ "type": "Feature", "properties": { "RA": "Águas Claras", "RS": "Sudoeste", "Macro": "Macrorregião 1" }, "geometry": { "type": "Polygon", "coordinates": [ [ [ -48.000846642597779, -15.817796445740777 ], [ -48.003118886193199, -15.818082952051858 ], [ -48.003827952498092, -15.819124890726647 ], [ -48.010724159034162, -15.82208088232459 ], [ -48.011151497496279, -15.821154098066286 ], [ -48.013655280059545, -15.822199899806181 ], [ -48.008625018997357, -15.834402786323839 ], [ -48.007843960807278, -15.835376534851402 ], [ -48.005291102381719, -15.83431293769261 ], [ -48.00362584144063, -15.83805953829369 ], [ -48.032923028992961, -15.849502708443193 ], [ -48.033095974448088, -15.848959346774697 ], [ -48.0368461946209, -15.850519426193241 ], [ -48.045457478172132, -15.834334488957426 ], [ -48.048888614061077, -15.83579157538165 ], [ -48.049424276770054, -15.834767230989192 ], [ -48.050334854057809, -15.831856716241534 ], [ -48.034603057338998, -15.829399482279362 ], [ -48.017650435776048, -15.81936611228862 ], [ -48.004872526985196, -15.814554085454139 ], [ -48.004349915898985, -15.815641817811253 ], [ -48.000846642597779, -15.817796445740777 ] ] ] } }
]
}
